product_url,product_id,product_title,product_rating,nbr_reviews,current_price,old_price,discount_percentage
https://www.etsy.com/fr/listing/1586491059/jeu-dautocollants-5-10-ou-15,1586491059,"JEU D'AUTOCOLLANTS : 5, 10 ou 15 autocollants pour l'escalade et le bloc. Décalcomanies en vinyle imperméables pour équipement d'extérieur. Décorez votre ordinateur portable, votre notebook, votre robot",4.7843,84,3.95,,
https://www.etsy.com/fr/listing/4384203242/stickers-the-knight-and-the-moth,4384203242,Stickers - The Knight and The Moth,4.9942,1900,3.5,,
https://www.etsy.com/fr/listing/1494560646/1000-pieces-3-etiquette-en-vinyle,1494560646,"1000 pièces 3"" Étiquette en vinyle transparent personnalisée | Étiquettes personnalisées en vrac | Autocollants transparents avec logo | Autocollants transparents pour café | Autocollants pour gobelets",4.9037,640,71.98,,
https://www.etsy.com/fr/listing/1521765366/autocollants-champignons-ensemble,1521765366,Autocollants Champignons | Ensemble d'autocollants Nature Botanique | Fournitures de scrapbooking et de journal,4.8794,828,2.99,,
https://www.etsy.com/fr/listing/1678349256/stickers-prenoms-autocollant-prenoms,1678349256,Stickers prénoms - Autocollant prénoms,4.9474,510,0.5,,
https://www.etsy.com/fr/listing/1424100676/super-abordable-2010304050-feuilles,1424100676,"Super abordable, 20/10/30/40/50 feuilles, autocollants de fleurs, décoration d'album photo, lot d'autocollants pour fille, feuille d'autocollants, cadeau pour elle, cadeau d'agenda",4.7454,18900,3.29,3.66,10.0
https://www.etsy.com/fr/listing/1856134485/50-stickers-retro-pour-journal-stickers,1856134485,"50 stickers rétro pour journal, stickers esthétiques de scrapbooking, stickers bohèmes, stickers artistiques, stickers pour projets créatifs et bricolage",4.8662,432,3.1,8.17,62.0
https://www.etsy.com/fr/listing/1014722781/3-feuilles-dautocollants-mats-lot,1014722781,"3 feuilles d'autocollants mats, lot d'autocollants, lot d'autocollants, autocollants mignons, lot d'autocollants, lot d'autocollants pour agenda, autocollants pour carnet",4.9913,4000,9.49,,
https://www.etsy.com/fr/listing/4359118811/etiquettes-autocollantes-personnalisees,4359118811,"Étiquettes autocollantes personnalisées – Stickers ronds 35 40 60 mm – Baptême, Baby Shower",4.8816,6400,0.17,0.18,5.0
https://www.etsy.com/fr/listing/1863839618/autocollants-melanges-aufkleber-sticker,1863839618,AUTOCOLLANTS MÉLANGÉS Aufkleber Sticker Stickers ordinateur portable Planner Mystery Bundle Surprise Bag Überraschungspaket Sticker Set Motivation sarcastique,4.7836,134,2.92,3.9,25.0
https://www.etsy.com/fr/listing/4303482528/lot-mysterieux-dautocollants-roses-girly,4303482528,"Lot mystérieux d'autocollants roses Girly Romance, 5 ou 10 pièces | Romance rose | Livre | Livres | Lecture | Ensemble d'autocollants | Kindle | Bouteille d'eau",4.984,424,0.7,,
https://www.etsy.com/fr/listing/1671114612/autocollants-personnalises-autocollants,1671114612,"Autocollants personnalisés, Autocollants personnalisés, Autocollants en vinyle personnalisés, Vos photos comme autocollants, Imperméables, Autocollants individuels, Autocollants pour ordinateur portable",4.9454,1000,0.66,1.0,34.0
https://www.etsy.com/fr/listing/914759714/autocollants-personnalises-autocollants,914759714,Autocollants personnalisés Autocollants logo Autocollants personnalisés Autocollants transparents en feuille d'or,4.8737,38900,2.37,3.95,40.0
https://www.etsy.com/fr/listing/1823949253/50-stickers-pour-velo-daventure-stickers,1823949253,"50 stickers pour vélo d'aventure, stickers pour vélo, stickers montagne, lot d'autocollants pour casque, pack d'autocollants pour sports extrêmes bouteille d'eau, vélo",4.8758,751,3.27,8.17,60.0
https://www.etsy.com/fr/listing/4353944314/50-autocollants-gothiques-vintage,4353944314,"50 autocollants gothiques vintage, autocollants tête de mort noir et blanc, autocollants punk rock, autocollants imperméables pour bagages, autocollants graffiti, autocollants rétro",4.9333,30,6.46,12.91,50.0
https://www.etsy.com/fr/listing/1865060952/stickers-impermeables-fantasy-national,1865060952,"Stickers imperméables Fantasy National Park, Stickers aventure en vinyle pour les amateurs de fantastique, les paysages mystiques, les jeux de rôle sur table et les amateurs de nature",4.9477,19800,3.92,4.36,10.0
https://www.etsy.com/fr/listing/689926774/60-autocollants-et-fragments-de-papier,689926774,"60 autocollants et fragments de papier, série Retro Memories - scrapbooking, papeterie, journal, agenda, articles en papier",4.8845,6200,6.92,7.69,10.0
https://www.etsy.com/fr/listing/4361484374/autocollants-de-tarot-ensemble,4361484374,Autocollants de tarot | Ensemble d'autocollants Rider Waite Arcanes Majeurs | Fournitures de scrapbooking et de journal,4.8794,828,2.99,,
https://www.etsy.com/fr/listing/1819480009/lot-de-5-stickers-holographiques-au,1819480009,"Lot de 5 Stickers Holographiques au choix, Déco pour Ordinateur, Autocollant pour téléphone, Vinyle pailleté, Stickers étanches",5.0,42,5.0,,
https://www.etsy.com/fr/listing/4353630267/35-stickers-japonais-culturels-et,4353630267,"35 stickers japonais, culturels et excentriques pour le scrapbooking et le bricolage",4.9224,713,10.52,,
https://www.etsy.com/fr/listing/4359113336/etiquettes-rondes-autocollantes,4359113336,Étiquettes rondes autocollantes personnalisées – Mariage – Stickers 35 40 60 mm,4.8816,6400,0.17,0.18,5.0
https://www.etsy.com/fr/listing/1816352235/stickers-prenoms-autocollant-prenoms,1816352235,Stickers prénoms - Autocollant prénoms,4.9474,510,0.5,,
https://www.etsy.com/fr/listing/1889004571/autocollant-boite-de-sardines-sticker,1889004571,"Autocollant Boîte de Sardines – Sticker Fait Main en Mat, Brillant ou Holographique",4.9917,311,2.0,,
https://www.etsy.com/fr/listing/4344389639/50-autocollants-dart-abstrait,4344389639,"50 autocollants d'art abstrait, autocollants colorés de style Matisse, autocollants esthétiques imperméables pour téléphone, journal, scrapbooking, travaux manuels",4.9434,106,4.6,10.22,55.0
https://www.etsy.com/fr/listing/1408182058/autocollants-feministes-du-mois-des,1408182058,"Autocollants féministes, du Mois des fiertés, queer et pour la santé mentale | Ensemble personnalisé pour créations individuelles | Idée cadeau amusante et stimulante",4.9297,478,6.5,,
https://www.etsy.com/fr/listing/1728663012/stickers-dans-les-etoiles-et-le-temps,1728663012,Stickers Dans les étoiles et le temps,4.9667,1700,2.87,,
https://www.etsy.com/fr/listing/1669256348/tarot-card-stickers-78-rider-waite-cards,1669256348,Tarot Card Stickers | 78 Rider Waite Cards for Beginner and Advanced Witch | Digital Witchy Printable Stickers,4.8965,2100,3.24,10.8,70.0
https://www.etsy.com/fr/listing/1683139346/46-pcs-autocollants-floraux-flocons,1683139346,"46 pcs, autocollants floraux, flocons d'autocollants, autocollants floraux, fleurs épanouies, autocollant pour agenda, autocollant de scrapbooking, journal intime, lot d'autocollants",4.7454,18900,2.42,2.69,10.0
https://www.etsy.com/fr/listing/956017492/autocollants-transparents-plantes-et,956017492,"Autocollants transparents, Plantes et Fleurs – Autocollants, Papeterie, Journal, Agenda, Album photo, Plante, Fleur",4.8845,6200,2.96,3.29,10.0
https://www.etsy.com/fr/listing/4306336605/questions-de-sante-mentale-melange,4306336605,"QUESTIONS DE SANTÉ MENTALE, mélange d'autocollants, autocollants Aufkleber, autocollants pour ordinateur portable, autocollant de guérison, vous êtes important, la thérapie est cool, vous êtes fort, anxiété",4.7836,134,2.92,3.9,25.0
https://www.etsy.com/fr/listing/1879145947/50-autocollants-aleatoires-pour-plantes,1879145947,"50 autocollants aléatoires pour plantes et chats, autocollants mignons pour les amoureux des chats, autocollants pour plantes, autocollants imperméables chatons pour journal, scrapbooking, travaux manuels",4.8662,432,3.1,8.17,62.0
https://www.etsy.com/fr/listing/1853332995/lot-de-100-autocollants-memes-droles,1853332995,"Lot de 100 autocollants mèmes drôles aléatoires, autocollants mèmes imperméables imperméables pour ordinateur portable, journal et bouteille d'eau, lot d'autocollants humoristiques, autocollants viraux",4.8386,923,7.38,21.09,65.0
https://www.etsy.com/fr/listing/1183568292/livre-dautocollants-esthetiques-vintage,1183568292,"Livre d'autocollants esthétiques vintage, 50 pièces, journal indésirable, fournitures de scrapbooking éphémères Washi, autocollants déco forêt, animaux, fleurs océaniques",4.8813,7100,4.03,5.37,25.0
https://www.etsy.com/fr/listing/4390842039/50-autocollants-vintage-de-tokyo,4390842039,"50 autocollants vintage de Tokyo, autocollants de billets de voyage au Japon, autocollants esthétiques japonais rétro, autocollants de collage pour cahiers, albums de coupures",4.8037,163,3.89,7.79,50.0
https://www.etsy.com/fr/listing/4307453535/jolie-feuille-dautocollants-de-noel-o,4307453535,Jolie feuille d'autocollants de Noël | Stickers des fêtes et stickers festifs,4.9348,95,2.5,,
https://www.etsy.com/fr/listing/4349810103/bordel-cest-fini-sticker-vinyle,4349810103,"Bordel, c'est fini. Sticker vinyle grenouille cow-girl :",4.9922,1200,3.65,4.29,15.0
https://www.etsy.com/fr/listing/4368950206/pack-dautocollants-livresques-mysterieux,4368950206,"Pack d'autocollants livresques mystérieux : thèmes Quatrième aile, Sorcière, Romance noire",4.8333,6,6.02,8.6,30.0
https://www.etsy.com/fr/listing/1086210471/pack-dautocollants-oiseaux-de-nouvelle,1086210471,Pack d'autocollants oiseaux de Nouvelle-Zélande : autocollants en vinyle imperméables,4.95,293,13.68,,
https://www.etsy.com/fr/listing/1714634377/autocollants-personnalises-en-vrac-pack,1714634377,"Autocollants personnalisés en vrac, pack d'autocollants personnalisés holographiques pour un usage personnel ou professionnel",4.9454,1000,19.99,,
https://www.etsy.com/fr/listing/1536179637/autocollants-de-fleurs-transparents,1536179637,Autocollants de fleurs transparents - mélange coloré - 40 pièces dans un ensemble,4.8824,1700,3.99,,
https://www.etsy.com/fr/listing/4390837076/livre-dautocollants-retro-japonais-de,4390837076,"Livre d'autocollants rétro japonais de 900 stickers |  Autocollants esthétiques pour scrapbooking | Lot d'autocollants holographiques, brillants et mats de 30 pages",5.0,26,15.32,20.43,25.0
https://www.etsy.com/fr/listing/1761441962/autocollants-japonais-ukiyo-e,1761441962,Autocollants japonais Ukiyo-e | Autocollants style tampon vintage | Fournitures de scrapbooking et de journal,4.8794,828,2.99,,
https://www.etsy.com/fr/listing/1592276296/cute-shiny-stickers,1592276296,CUTE SHINY STICKERS,5.0,181,2.75,,
https://www.etsy.com/fr/listing/4362651458/stickers-japonais-en-papiers-50-pieces,4362651458,"Stickers japonais en papiers, 50 pièces, style kawaii nippon pour le scrapbooking, journal et carnet. Stickers à 30 pièces japonais",4.9884,231,4.85,,
https://www.etsy.com/fr/listing/1708396932/50-stickers-japonais-kawaii-et,1708396932,"50 stickers japonais, kawaii et esthétiques pour le scrapbooking et le bricolage",4.9224,713,10.52,,
https://www.etsy.com/fr/listing/4359125095/etiquettes-rondes-autocollantes,4359125095,Étiquettes rondes autocollantes personnalisées – Noël – Stickers cadeaux 35 40 60 mm,4.8816,6400,0.17,0.18,5.0
https://www.etsy.com/fr/listing/1767112920/lot-de-50-autocollants-bohemes-lot,1767112920,"Lot de 50 autocollants bohèmes, lot d'autocollants floraux pour ordinateur portable Kindle Books Hydroflask, lot d'autocollants esthétiques, lot d'autocollants imperméables",4.8758,751,3.27,8.17,60.0
https://www.etsy.com/fr/listing/1857273244/autocollants-nominatifs-pour-vetements,1857273244,"Autocollants nominatifs pour vêtements et objets, autocollants personnalisés et imperméables avec noms pour enfants, école, etc.",4.7302,368,5.7,9.5,40.0
https://www.etsy.com/fr/listing/1839138416/50-stickers-emoji-dessins-animes,1839138416,"50 stickers emoji dessins animés, grimaces drôles, stickers humeur, stickers jaunes imperméables, stickers pour journal créatif et scrapbooking",4.8662,432,3.1,8.17,62.0
https://www.etsy.com/fr/listing/1603479645/autocollants-dentretien-personnel-goutte,1603479645,"Autocollants d'entretien personnel goutte rose | Stickers imperméables en vinyle pour Bullet Journal, agenda, ordinateur portable, bouteille d'eau, coque de téléphone, déco",4.9812,2900,3.76,,
https://www.etsy.com/fr/listing/1524029017/sticker-holographique-fleurs-sauvages,1524029017,Sticker holographique fleurs sauvages : sticker transparent résistant à l'eau (3 x 3 pouces),4.9717,4600,4.44,5.92,25.0
https://www.etsy.com/fr/listing/1705999343/super-abordable-305080100-feuilles,1705999343,"Super abordable, 30/50/80/100 feuilles, autocollants scintillants, décoration d'album photo, lot d'autocollants pour fille, feuille d'autocollants, cadeau pour, agenda",4.7454,18900,3.0,3.34,10.0
https://www.etsy.com/fr/listing/1076928928/autocollants-retro-avec-45-mini,1076928928,"Autocollants rétro avec 45 mini-autocollants — Autocollants, décalcomanies, scrapbooking, papeterie, agenda",4.8845,6200,3.59,3.99,10.0
https://www.etsy.com/fr/listing/1782516388/lot-de-50-autocollants-inspires-de-keith,1782516388,"Lot de 50 autocollants inspirés de Keith Haring, autocollants Pop Little People pour livre d'ordinateur portable Kindle, lot d'autocollants esthétiques en vinyle",4.8758,751,3.27,8.17,60.0
https://www.etsy.com/fr/listing/1809812961/lot-de-50-autocollants-en-vinyle-animaux,1809812961,"Lot de 50 autocollants en vinyle animaux mignons aléatoires, autocollants animaux imperméables pour ordinateur portable, bouteille d'eau, paquet d'autocollants animaux kawaii pour livres Kindle",4.8758,751,3.27,8.17,60.0
https://www.etsy.com/fr/listing/4306250198/stickers-maisons-ensemble-dautocollants,4306250198,Stickers Maisons - Ensemble d'autocollants mignons et colorés sur le thème de la maison pour journaliser et bricoler,4.9348,95,2.5,,
https://www.etsy.com/fr/listing/4393203605/set-dautocollants-timbres-poste,4393203605,Set d'autocollants « Timbres-poste Nostalgie de Noël » - 46 autocollants d'hiver et de Noël dans un ensemble,4.8824,1700,3.99,,
https://www.etsy.com/fr/listing/1841790575/autocollant-holographique-chat-spirale,1841790575,"Autocollant holographique chat spirale dessin d'un livre de la Renaissance, medieval spiral cat holographic sticker",4.9073,154,2.99,,
https://www.etsy.com/fr/listing/1884005039/50-stickers-citations-de-lecture,1884005039,"50 stickers citations de lecture aléatoire, stickers livres esthétiques pour bibliophiles, stickers amateurs de livres, stickers imperméables pour Kindle et ordinateurs portables",4.8662,432,3.1,8.17,62.0
https://www.etsy.com/fr/listing/1807272394/50-stickers-litteraires-jane-austen,1807272394,"50 stickers littéraires Jane Austen, stickers livres vintage, citations sens et sensibilité, stickers pour amateurs de livres et fans d'Austen",4.8758,751,3.27,8.17,60.0
https://www.etsy.com/fr/listing/1746543224/lot-de-50-stickers-twilight-impermeables,1746543224,Lot de 50 stickers Twilight / Imperméables / Vampires,4.9217,346,7.52,10.02,25.0
https://www.etsy.com/fr/listing/1821831755/50-stickers-galaxies-aleatoires-stickers,1821831755,"50 stickers galaxies aléatoires, stickers spatiaux imperméables, stickers planètes et fusées, stickers astronautes et ovnis, stickers exploration cosmique",4.8662,432,3.1,8.17,62.0
https://www.etsy.com/fr/listing/4308746382/stickers-animaux-aquarelle-50-motifs-o,4308746382,"Stickers animaux aquarelle – 50 motifs | Animaux mignons de style dessin animé, vinyle, env. 3-6 cm, mat, autocollant, cadeau pour enfants, scrapbooking",4.8845,6200,3.95,4.39,10.0
https://www.etsy.com/fr/listing/1844936226/dark-academia-feuille-dautocollants,1844936226,Dark Academia - Feuille d'autocollants Washi | Autocollant vintage | Autocollants transparents super fins pour Bullet Journal | Autocollant Academia sur papier Washi,4.9877,439,3.3,,
https://www.etsy.com/fr/listing/4383978053/lot-de-50-autocollants-esthetiques,4383978053,"Lot de 50 autocollants esthétiques nature, autocollants animaux mignons, autocollants forêt, autocollants floraux, autocollants botaniques pour bagages, travaux manuels",4.8386,923,7.38,21.09,65.0
https://www.etsy.com/fr/listing/4400090154/autocollant-vintage-art-nouveau-femme,4400090154,Autocollant vintage Art Nouveau « Femme embrassant la lune » (1920) | Décalcomanie Céleste Whimsigoth | Autocollant « Chère vieille lune de Dixie »,4.898,196,2.71,3.19,15.0
https://www.etsy.com/fr/listing/1178112653/stickers-fleurs-poesie-florale-avec-45,1178112653,"Stickers fleurs « Poésie florale » avec 45 mini stickers — stickers, stickers, scrapbooking, papeterie, agenda",4.8845,6200,3.59,3.99,10.0
https://www.etsy.com/fr/listing/4368898079/mega-bundle-ensemble-dautocollants,4368898079,"MÉGA BUNDLE Ensemble d'autocollants Mystery Surprise pour toute la boutique Best-seller Drôle, motivant, sarcastique, parfait pour ordinateur portable, agenda, tenue de journal, cadeaux",4.7836,134,2.92,3.9,25.0
https://www.etsy.com/fr/listing/4390225686/pack-dautocollants-memes-populaires,4390225686,Pack d'autocollants mèmes populaires Stickers mèmes Internet drôles Sticker bouteille d'eau Stickers ordinateur portable Idée cadeau drôle Mème Sticker mème Internet viral,4.7836,134,2.92,3.9,25.0
https://www.etsy.com/fr/listing/1741652312/100-autocollants-mignons-de-timbres-du,1741652312,"100 autocollants mignons de timbres du monde entier | Tampon autocollant de voyage pour ordinateur portable, scrapbooking, journal, carnet de notes, décoration et agenda",4.7766,930,13.99,,
https://www.etsy.com/fr/listing/726575701/petits-stickers-de-mariage,726575701,Petits stickers de mariage rectangulaires personnalisés pour cadeaux : étiquettes de cadeau transparentes ou en feuille d'or blanc,4.8737,38900,0.34,0.57,40.0
https://www.etsy.com/fr/listing/4307888987/ensemble-dautocollants-diy-4-themes,4307888987,"Ensemble d'autocollants DIY 4 thèmes, cabane dans les arbres/salle de bonbons/table de tarot/salle de sorcière, scène d'autocollants 3D, autocollant miniature, autocollants déco, cadeau pour fille",4.7647,17,19.41,21.56,10.0
https://www.etsy.com/fr/listing/1412690212/stickers-muraux-fleurs-marguerites-50,1412690212,"Stickers muraux fleurs marguerites 50 pcs, décoration de chambre d'enfant, stickers muraux fleurs / Marguerite blanche / Stickers fleurs",4.8797,554,26.28,40.43,35.0
https://www.etsy.com/fr/listing/1774929831/autocollant-pour-carton-de-lait-nessie,1774929831,Autocollant pour carton de lait Nessie,4.9894,31800,2.82,4.03,30.0
https://www.etsy.com/fr/listing/1785608312/la-vie-cest-la-douleur-autocollant,1785608312,"La vie, c'est la douleur, autocollant vinyle imperméable baguette parisienne | Jeu de mots amusant autocollant mignon, ordinateur portable, journal intime, agendas, bujo, étui pour téléphone, bouteille d'eau",4.9783,2500,4.5,,
https://www.etsy.com/fr/listing/1520681537/50-autocollants-retro-scrapbooking,1520681537,"50 autocollants rétro - Scrapbooking, Papeterie, Journal, Agenda, Papeterie",4.8845,6200,4.94,5.49,10.0
https://www.etsy.com/fr/listing/1889003647/pack-7-autocollants-poissons-citron,1889003647,Pack 7 Autocollants Poissons & Citron – Stickers originaux avec packaging boîte de conserve,4.9917,311,10.0,,
https://www.etsy.com/fr/listing/1410504124/stickers-logo-personnalises-finition,1410504124,"Stickers logo personnalisés, finition mate, stickers ronds 37 mm",4.9617,6100,2.13,,
https://www.etsy.com/fr/listing/4361622482/autocollant-inspire-de-la-foi-verset-de,4361622482,"Autocollant inspiré de la foi, verset de la Bible bohème, carnets de notes, planches de prière, autocollant religieux JÉSUS religion cadeau amoureux de Jésus, autocollants chrétiens",4.7836,134,2.92,3.9,25.0
https://www.etsy.com/fr/listing/1841913036/50-autocollants-de-scrapbooking-vintage,1841913036,"50 autocollants de scrapbooking vintage, autocollants esthétiques rétro, autocollants de journalisme, autocollants bohèmes, autocollants pour le bricolage, cadeaux et cahiers",4.8386,923,7.38,21.09,65.0
https://www.etsy.com/fr/listing/1793759481/stickers-personnalises-autocollants,1793759481,"Stickers personnalisés, Autocollants personnalisés, Vos photos sous forme d'autocollants, Imperméables, Stickers individuels, Stickers en vinyle personnalisés, Stickers ordinateur portable",5.0,96,1.2,,
https://www.etsy.com/fr/listing/1766000542/30-stickers-chats-kawaii,1766000542,30 stickers chats kawaii,4.918,424,3.4,,
https://www.etsy.com/fr/listing/1315141582/pochette-mystere-de-25-petits,1315141582,Pochette mystère de 25 petits autocollants découpés | Sticker pour ordinateur portable bouteille d'eau | Sticker carnet de notes,4.9924,2900,4.79,,
https://www.etsy.com/fr/listing/1382299575/sticker-qr-code-pointant-vers-un-site,1382299575,"Sticker QR code pointant vers un site web pour commerce, vitrophanie boutique, vitrine, magasin, vinyle adhésif personnalisable",4.901,278,19.9,,
https://www.etsy.com/fr/listing/858479485/je-suis-venu-jai-vu-que-javais-de,858479485,"Je suis venu, j'ai vu que j'avais de l'anxiété, j'ai laissé un autocollant, autocollant introverti drôle, autocollant drôle, autocollant pour ordinateur portable, autocollant pour gobelet anxiété, autocollant anxiété",4.9435,84300,3.21,3.57,10.0
https://www.etsy.com/fr/listing/4328116847/cute-moon-star-stickers,4328116847,CUTE Moon & Star Stickers,5.0,181,1.3,,
https://www.etsy.com/fr/listing/1806926048/60-stickers-japonais-de-voyage-et-de,1806926048,"60 stickers japonais, de voyage et de culture pour le scrapbooking et le bricolage",4.9224,713,10.52,,
https://www.etsy.com/fr/listing/1395794720/lot-de-12-attrape-soleil-hexagones,1395794720,Lot de 12 attrape-soleil hexagones électrostatiques – Stickers lumineux pour fenêtre – Reflets arc-en-ciel & anti-collision oiseaux,4.9176,231,7.5,,
https://www.etsy.com/fr/listing/1382979777/autocollant-mangez-les-riches-10x30x60x,1382979777,"AUTOCOLLANT : mangez les riches (10x/30x/60x) | politique, de gauche, alternatif, anticapitaliste, autocollants | Activisme, Punk, Merch, Cadeaux",4.9437,754,1.69,2.25,25.0
https://www.etsy.com/fr/listing/1067539120/feuille-dautocollants-tea-party-journal,1067539120,Feuille d'autocollants - Tea Party - Journal Sticker - Planner Sticker - Scrapbook Sticker - Breakfast Sticker - Flower Sticker - Cosy Sticker Sheet,4.9793,13000,2.75,,
https://www.etsy.com/fr/listing/4350423245/lot-de-50-autocollants-de-voyage-urbain,4350423245,"Lot de 50 autocollants de voyage urbain – Autocollants de monuments et de destinations pittoresques pour ordinateur portable, guitare, bagages et scrapbooking | Esthétique de voyage vintage",4.9375,16,9.0,12.0,25.0
https://www.etsy.com/fr/listing/4404351765/ensemble-dautocollants-esprit-ukrainien,4404351765,Ensemble d'autocollants Esprit ukrainien. Fabriqué en Ukraine. L'art de la liberté et de l'indépendance.,4.9431,735,28.23,37.65,25.0
https://www.etsy.com/fr/listing/4382265787/autocollants-mensuels-et-impression,4382265787,"Autocollants mensuels et impression artistique Snail Mail Club, ensemble d'autocollants de journalisation pour agenda 2025, lot d'autocollants aquarelle pour carnet de voyage",4.9754,6600,11.85,15.81,25.0
https://www.etsy.com/fr/listing/1858185811/autocollant-vinyle-les-filles-seront-des,1858185811,Autocollant - Vinyle - Les filles seront des filles,4.9615,875,4.0,,
https://www.etsy.com/fr/listing/4384617395/50-autocollants-de-noel-autocollants,4384617395,"50 autocollants de Noël, autocollants esthétiques mignons, autocollants de Noël en pain d'épice, autocollants festifs de flocon de neige pour ordinateur portable, travaux manuels, album de scrapbooking",4.8386,923,7.38,21.09,65.0
https://www.etsy.com/fr/listing/1747342425/feuille-dautocollants-pigeon-lot-de-12,1747342425,"Feuille d'autocollants pigeon - lot de 12 autocollants pour journal, agenda, scrapbooking et plus",4.9381,416,5.0,,
https://www.etsy.com/fr/listing/1327751071/stickers-muraux-floraux-stickers,1327751071,"Stickers muraux floraux : stickers botaniques bohèmes, décoration florale pastel",4.8099,1900,11.4,19.0,40.0
https://www.etsy.com/fr/listing/4362096068/lot-dautocollants-internet-meme-stickers,4362096068,Lot d'autocollants Internet Meme : Stickers sarcastiques pour ordinateur portable - Pack mystère,4.7836,134,2.92,3.9,25.0
https://www.etsy.com/fr/listing/1801851765/lot-de-50-autocollants-en-vinyle,1801851765,"Lot de 50 autocollants en vinyle dessinés à la main au hasard pour bouteille, autocollants esthétiques imperméables pour bouteille d'eau, ordinateur portable, lot d'autocollants fantaisie et nature",4.8758,751,3.27,8.17,60.0
https://www.etsy.com/fr/listing/1161097495/autocollant-mot-de-passe-de-la-foret-45,1161097495,"Autocollant, Mot de passe de la forêt, 45 mini autocollants – autocollants, papeterie, journal, agenda, album photo, plante, fleur, tampon",4.8845,6200,3.59,3.99,10.0
https://www.etsy.com/fr/listing/1768713230/ensemble-de-feuilles-dautocollants,1768713230,Ensemble de feuilles d'autocollants Academy | Feuille de 5 autocollants pour Bullet Journal | Autocollants pour journal | Académie des ténèbres | Livres et sculptures | Bujo esthétique,4.9877,439,12.0,,
https://www.etsy.com/fr/listing/4348442277/sticker-yetta-forever,4348442277,Sticker YETTA FOREVER,5.0,71,3.5,,
https://www.etsy.com/fr/listing/1552178811/feuille-de-61-autocollants-marqueurs-de,1552178811,"Feuille de 61 autocollants - marqueurs de jardin - pour organiser l'agenda, le calendrier, le journal, l'agenda, le scrapbooking",4.9134,2100,1.5,,
https://www.etsy.com/fr/listing/948542923/pack-dautocollants-en-vinyle-oiseaux-de,948542923,Pack d'autocollants en vinyle Oiseaux de jardin : décalcomanies ornithologie imperméables,4.95,293,12.43,,
https://www.etsy.com/fr/listing/4351448847/autocollants-automne-autocollants-de,4351448847,"Autocollants automne, autocollants de septembre, autocollants d'agenda d'automne, autocollants numériques, autocollants numériques automne, autocollants Goodnotes, autocollants PNG",4.9128,3300,6.29,8.39,25.0
https://www.etsy.com/fr/listing/4337801347/autocollants-nominatifs-pour-vetements,4337801347,"Autocollants nominatifs pour vêtements et objets, autocollants personnalisés et imperméables avec noms pour enfants, école, etc.",4.7302,368,6.9,11.5,40.0
https://www.etsy.com/fr/listing/4373143190/stickers-retro-en-papier,4373143190,Stickers Retro en papier,4.9884,231,5.0,,
https://www.etsy.com/fr/listing/1604536826/autocollant-vinyle-colombe,1604536826,Autocollant vinyle Colombe,4.9859,111,3.0,,
https://www.etsy.com/fr/listing/1855127235/lot-de-12-attrape-soleil-cour,1855127235,Lot de 12 attrape-soleil cœur électrostatiques – Stickers lumineux pour fenêtre – Reflets arc-en-ciel sans colle,4.9176,231,7.5,,
https://www.etsy.com/fr/listing/1149906500/stickers-personnalise-sur-mesure,1149906500,"Stickers personnalisé sur mesure - autocollant - stickers pour mariage, baptême, anniversaire, déco",4.9808,2400,1.0,,
https://www.etsy.com/fr/listing/4358684344/etiquettes-rondes-autocollantes,4358684344,Étiquettes rondes autocollantes personnalisées avec logo – Stickers logo entreprise 35 40 60 mm,4.8816,6400,0.17,0.18,5.0
https://www.etsy.com/fr/listing/4353625453/50-autocollants-japonais-girly-kawaii,4353625453,"50 autocollants japonais, girly, kawaii pour le scrapbooking et le bricolage",4.9224,713,10.52,,
https://www.etsy.com/fr/listing/1834603884/50-autocollants-palestine-autocollants,1834603884,"50 autocollants Palestine, autocollants Palestine gratuits, lot d'autocollants Palestine, lot d'autocollants Palestine pour bouteille d'ordinateur portable, autocollants Palestine",4.8663,423,6.89,9.84,30.0
https://www.etsy.com/fr/listing/1827773661/50-autocollants-mignons-de-cornichons,1827773661,"50 autocollants mignons de cornichons, dessins de cornichons rigolos, autocollants imperméables, autocollants kawaii, autocollants humoristiques de bouteilles d'eau de cornichons",4.8758,751,3.27,8.17,60.0
https://www.etsy.com/fr/listing/1841933956/50-adorables-autocollants-elephants-de,1841933956,"50 adorables autocollants éléphants de bande dessinée, autocollants amusants pour enfants, autocollants animaux mignons pour le scrapbooking, journaux et décoration de cadeau",4.8662,432,3.1,8.17,62.0
https://www.etsy.com/fr/listing/1790994481/cute-star-moon-stickers,1790994481,CUTE STAR & MOON Stickers,5.0,181,1.75,,
https://www.etsy.com/fr/listing/1713094421/feuille-dautocollants-esthetique-rose-76,1713094421,"Feuille d'autocollants ESTHÉTIQUE ROSE - 76 autocollants imperméables en vinyle mat mignons, autocollants d'art esthétique, papeterie esthétique kawaii, autocollants pastel",4.9809,6100,4.35,5.44,20.0
https://www.etsy.com/fr/listing/1667231130/lustige-meme-taubensticker,1667231130,Lustige Meme Taubensticker,5.0,89,3.0,,
https://www.etsy.com/fr/listing/4306310720/autocollants-boule-disco-disko-kugel,4306310720,AUTOCOLLANTS BOULE DISCO Disko Kugel Aufkleber Set Aufkleber Laptop Aufkleber Party Aufkleber Discokugel Set d'autocollants variés Stickers déco,4.7836,134,2.92,3.9,25.0
https://www.etsy.com/fr/listing/1853332041/50-stickers-emoji-rigolos-lot,1853332041,"50 stickers emoji rigolos, lot d'expressions de dessin animé, stickers visage jaunes, stickers humeur pour journal, stickers en vinyle mignons et humoristiques",4.8386,923,7.38,21.09,65.0
https://www.etsy.com/fr/listing/1281400919/stickers-de-bapteme-pour-bougies-cadeaux,1281400919,"Stickers de baptême pour bougies, cadeaux et cadeaux, Stickers mi Bautizo personnalisés, étiquettes personnalisées cadeaux de baptême, or, rose, argent",4.8737,38900,2.37,3.95,40.0
https://www.etsy.com/fr/listing/1481964050/super-abordable-305080100-feuilles,1481964050,"Super abordable, 30/50/80/100 feuilles, autocollants scintillants, décoration d'album photo, lot d'autocollants pour fille, feuille d'autocollants, cadeau pour, agenda",4.7454,18900,3.0,3.34,10.0
https://www.etsy.com/fr/listing/1822529661/50-autocollants-mignons-autocollants-en,1822529661,"50 autocollants mignons, autocollants en vinyle rétro vintage, autocollants imperméables Meme, idéaux pour les enfants, pack d'autocollants pour ordinateur portable Kindle",4.8758,751,3.27,8.17,60.0
https://www.etsy.com/fr/listing/1093195723/autocollant-voyager-autrefois-45-mini,1093195723,"Autocollant, Voyager autrefois, 45 mini autocollants – autocollants, papeterie, journal, agenda, album photo, vintage, rétro",4.8845,6200,3.59,3.99,10.0
https://www.etsy.com/fr/listing/1741481982/lot-de-50-autocollants-chat-joli-lot,1741481982,"Lot de 50 autocollants chat, joli lot d'autocollants pour bouteille de livres Kindle, lot d'autocollants chat pour les amoureux des chats, adorable lot d'autocollants imperméables",4.8758,751,3.27,8.17,60.0
https://www.etsy.com/fr/listing/850538210/stickers-vinyles-fleurs-tropicales,850538210,Stickers vinyles fleurs tropicales : stickers imperméables pour ordinateur portable,4.95,293,12.43,,
https://www.etsy.com/fr/listing/1776613532/ensemble-dautocollants-pour-agenda,1776613532,"Ensemble d'autocollants pour agenda, Bullet Journal, Mini-marionnettes emoji, 1er ensemble",4.9684,11500,2.3,3.83,40.0
https://www.etsy.com/fr/listing/1165196309/pack-dautocollants-de-voyage-vintage,1165196309,Pack d'autocollants de voyage vintage : décalcomanies personnalisées pour bagages,4.9677,455,19.22,,
https://www.etsy.com/fr/listing/4316868929/ensemble-dautocollants-diy-4-themes,4316868929,"Ensemble d'autocollants DIY 4 thèmes, scène d'autocollants 3D, autocollant miniature, autocollants déco mignons, kit de bricolage, cadeau de vacances, cadeau pour les filles, bonbon de boulangerie ours",4.7647,17,7.55,10.78,30.0
https://www.etsy.com/fr/listing/1276800248/stickers-phosphorescents-pour-reperes-de,1276800248,Stickers phosphorescents pour repères de guitare,4.6667,242,10.5,,
https://www.etsy.com/fr/listing/1413023449/12-autocollants-suncatcher-papillon,1413023449,"12 autocollants suncatcher papillon, fabricant d’arc-en-ciel de papillons, accrochage arc-en-ciel de fenêtre, autocollant suncatcher, suncatcher pour voiture",4.8634,884,8.33,10.41,20.0
https://www.etsy.com/fr/listing/4362718543/stickers-verre-teinte-chat-chat-noir,4362718543,Stickers verre teinté chat chat noir gothique pour ordinateur portable Scrapbooking journalisation Dark Academia esthétique verre mosaïque options de lot,4.7836,134,2.92,3.9,25.0
https://www.etsy.com/fr/listing/4362705928/livres-dartisanat-aufkleber-aufkleber,4362705928,LIVRES D'ARTISANAT Aufkleber Aufkleber Stickers pour ordinateur portable Planer Mystery Bundle berraschungstasche Überraschungspaket Sticker Set,4.7836,134,2.92,3.9,25.0
https://www.etsy.com/fr/listing/1669560355/stickers-vietnamese-food-ph-banh-mi-ca,1669560355,"Stickers Vietnamese food - phở , bánh mì, cà phê, bánh xèo - autocollants",5.0,77,12.0,,
https://www.etsy.com/fr/listing/1547857346/20-pieces-autocollants-meduses-meduses,1547857346,"20 pièces, autocollants méduses, méduses, autocollants mer, autocollants colorés, kawaii, autocollants de scrapbooking, lot d'autocollants",4.7454,18900,3.68,4.09,10.0
https://www.etsy.com/fr/listing/1857080756/autocollants-de-chat-aleatoires-jolis,1857080756,"Autocollants de chat aléatoires, jolis autocollants, idéaux pour les liseuses, les ordinateurs portables ou les cahiers, cadeau, présent, drôle,",4.9821,363,4.0,,
https://www.etsy.com/fr/listing/1339464401/pack-dautocollants-flocons-de-neige-de,1339464401,Pack d'autocollants flocons de neige de Noël | Lot de 24 flocons de neige | Stickers muraux décoratifs en vinyle pour fenêtre festive | 24 couleurs disponibles,4.7696,5900,3.13,,
https://www.etsy.com/fr/listing/1800997654/stickers-de-noel-douillets-o-stickers,1800997654,Stickers de Noël douillets | Stickers des Fêtes Coquette | Stickers esthétiques de Noël | Noël à l'aquarelle | Coquette Noël | Jours fériés,4.8499,1200,3.54,,
https://www.etsy.com/fr/listing/4316527614/sticker-vinyle-fleur-pivoine-sticker,4316527614,"Sticker vinyle fleur pivoine, sticker pour ordinateur portable, autocollant bouteille d'eau mignon livre & autocollant de journal autocollant nature cadeau pour elle jardin cadeau pour maman",4.925,84,4.44,5.92,25.0
https://www.etsy.com/fr/listing/1452745527/pack-de-40-autocollants-aleatoires,1452745527,"Pack de 40 autocollants aléatoires personnalisés anime/jeu Vinyle imperméable, autocollants anime sur le thème, carnet de notes, autocollants Hydroflask, autocollant Waifu",4.8963,446,8.28,10.75,23.0
https://www.etsy.com/fr/listing/4306306431/stickers-personnalises-nikke,4306306431,Stickers personnalisés Nikke,4.9946,998,7.48,,
https://www.etsy.com/fr/listing/1164653302/50-autocollants-retro-scrapbooking,1164653302,"50 autocollants rétro – scrapbooking, papeterie, journal, agenda, articles en papier",4.8845,6200,4.94,5.49,10.0
https://www.etsy.com/fr/listing/1840297530/stickers-pour-toniebox,1840297530,stickers pour toniebox,4.9821,56,6.0,,
https://www.etsy.com/fr/listing/1813761778/stickers-chats-mignons-avec-lumiere-de,1813761778,"Stickers chats mignons avec lumière de Noël, lot d'autocollants chat, autocollant animal, autocollant animal de compagnie, fournitures Bujo, autocollant enfant",4.8787,3400,2.2,,
https://www.etsy.com/fr/listing/547592895/badge-de-sociopathe-jaime-pas-les-gens,547592895,Badge de sociopathe J'aime pas les gens,4.9831,364,3.5,,
https://www.etsy.com/fr/listing/1593062160/nature-hivernale-autocollants-feuille,1593062160,"Nature hivernale - autocollants | Feuille d'autocollants, Stickers animaux, Stickers mignons, Stickers agenda, Stickers Bullet Journal",4.9913,4000,3.69,,
https://www.etsy.com/fr/listing/4374190874/stickers-pour-toniebox-v2,4374190874,stickers pour toniebox V2,4.9821,56,7.0,,
https://www.etsy.com/fr/listing/1522426045/sticker-mural-ocean-reveur-xl-sticker,1522426045,Sticker mural océan rêveur XL / sticker mural montgolfière vintage / Stickers aquarelle navires et baleines / Sticker lune et étoile,4.8797,554,37.46,57.63,35.0
https://www.etsy.com/fr/listing/1789902243/cute-shiny-stickers,1789902243,CUTE & SHINY STICKERS,5.0,181,2.75,,
https://www.etsy.com/fr/listing/1890788456/stickers-celestes-lune-soleil-etoile,1890788456,"Stickers célestes : lune, soleil, étoile dorés et argentés - 6 feuilles",5.0,5,7.53,,
https://www.etsy.com/fr/listing/1749043676/stickers-drapeaux-nationaux-et-detat,1749043676,Stickers drapeaux nationaux et d'état Stickers étanches,4.6667,40,2.15,,
https://www.etsy.com/fr/listing/1853307016/autocollant-impermeable-pour-la-sante,1853307016,Autocollant imperméable pour la santé mentale : « Cadeau pour l'amour de soi dessiné à la main »,4.8809,15800,3.43,4.9,30.0
https://www.etsy.com/fr/listing/1792814941/berlin-allemagne-autocollants,1792814941,"Berlin, Allemagne, Autocollants, Autocollant résistant aux intempéries, Carnet de voyage, Autocollant pour valise, Autocollants pour bagages, Autocollants découpés, 1",4.9731,2300,2.41,3.22,25.0
https://www.etsy.com/fr/listing/1636920548/creez-votre-pack-dautocollants-bundle-o,1636920548,Créez votre pack d'autocollants Bundle | 4 feuilles d'autocollants différentes - feuilles d'autocollants - autocollants bullet journal - feuille d'autocollants - ensemble d'autocollants,4.968,1900,8.5,,
https://www.etsy.com/fr/listing/1822637311/50-stickers-esthetiques-stickers-fees,1822637311,"50 stickers esthétiques, stickers fées rétro, stickers bohèmes, stickers nature, pack de stickers artistiques pour ordinateur portable et bouteille d'eau",4.8758,751,3.27,8.17,60.0
https://www.etsy.com/fr/listing/4354199877/bats-planche-de-stickers-chauves-souris,4354199877,BATS - Planche de stickers Chauves-souris mignonnes- cinq stickers au touché doux - soft touch - pour journaling décoration autocollant bujo,5.0,538,7.0,,
https://www.etsy.com/fr/listing/4390833879/lot-de-50-autocollants-vintage,4390833879,"Lot de 50 autocollants vintage surréalistes, autocollants de sorts fantastiques, autocollants de phrases anciennes magiques, autocollant d'humour noir pour classeur, journal, travaux manuels",4.8037,163,3.89,7.79,50.0
https://www.etsy.com/fr/listing/1808890580/sac-autocollants-oopsie,1808890580,Sac Autocollants Oopsie,4.9917,311,3.0,,
https://www.etsy.com/fr/listing/1254693004/stickers-muraux-montgolfieres-o,1254693004,Stickers muraux – Montgolfières | Décoration de chambre d'enfant | Ballon pastel | Chambre garçon et fille,4.885,7600,30.0,40.0,25.0
https://www.etsy.com/fr/listing/4340596557/pokemoune-booster-6-random-stickers,4340596557,POKEMOUNE - Booster 6 random stickers,5.0,177,6.0,,
https://www.etsy.com/fr/listing/4329834867/autocollant-en-vinyle-trump-sloth-anti,4329834867,"Autocollant en vinyle Trump Sloth : Anti-Trump Anti-MAGA résistant à l'eau 4""",4.9185,457,3.23,5.38,40.0
https://www.etsy.com/fr/listing/1862634782/stickers-tampons-bunny-garden-a-lecher,1862634782,"Stickers tampons Bunny Garden : à lécher et coller, stickers pour agenda de scrapbooking",5.0,239,9.68,,
https://www.etsy.com/fr/listing/1122016329/2550100-autocollants-colores-en-vinyle,1122016329,"25/50/100 autocollants colorés en vinyle, jeu de décalcomanies découpées, imperméables réutilisables, jolie bombe esthétique VCSO pour chambre de filles, étui pour ordinateur portable pour agenda",4.8317,6000,9.95,,
https://www.etsy.com/fr/listing/678900223/sticker-poisson-omble-de-fontaine,678900223,Sticker poisson omble de fontaine - Sticker vinyle imperméable,4.9728,4800,3.23,,
https://www.etsy.com/fr/listing/1419013849/2-autocollants-de-tableau-de-bord-en,1419013849,2 autocollants de tableau de bord en vinyle de qualité supérieure pour VW Golf 7 GTI TCR,4.6131,632,7.5,,
https://www.etsy.com/fr/listing/1520498595/stickers-muraux-floraux-des-prairies,1520498595,Stickers muraux floraux des prairies : stickers muraux botaniques bohèmes,4.8099,1900,23.4,39.0,40.0
https://www.etsy.com/fr/listing/4309777576/autocollants-papillons-50-modeles-o,4309777576,"Autocollants papillons – 50 modèles | Transparent, film PET, 4-6 cm, motifs papillon, lune et couronne, scrapbooking, décoration, DIY",4.8845,6200,3.95,4.39,10.0
https://www.etsy.com/fr/listing/1323342756/kit-dautocollants-stickers-pour-raydeen,1323342756,Kit d’Autocollants / Stickers pour Raydeen Shogun – Restauration Jouet Vintage – Shogun Warrior,4.8824,189,15.9,,
https://www.etsy.com/fr/listing/1809320609/lot-de-100-autocollants-esthetiques,1809320609,"Lot de 100 autocollants esthétiques Pinterest, autocollants coquettes pour ordinateur portable, Kindle, scrapbooking, journal intime, lot d'autocollants pour filles",4.8663,423,6.89,9.84,30.0
https://www.etsy.com/fr/listing/4398843053/hiver-doux-autocollants-o-feuille,4398843053,"Hiver doux - autocollants | Feuille d'autocollants d'hiver, Stickers de Noël, Stickers de journalisme, Stickers de scrapbooking",4.9913,4000,3.69,,
https://www.etsy.com/fr/listing/1812213204/funny-crows-stickers,1812213204,Funny Crows Stickers,5.0,27,3.0,,
https://www.etsy.com/fr/listing/1304447624/autocollants-personnalises-en-vinyle,1304447624,Autocollants personnalisés en vinyle imperméable. De haute qualité et durable. Photo et design personnalisés. Envoyez-nous n'importe quelle image et nous en ferons un sticker !,4.9898,1100,0.47,0.72,35.0
https://www.etsy.com/fr/listing/1823947851/lot-de-50-autocollants-impermeables-en,1823947851,"Lot de 50 autocollants imperméables en caoutchouc canard, autocollants canards drôles mignons pour bouteille d'eau enfants, scrapbooking, autocollants canards en caoutchouc pour enfant",4.8758,751,3.27,8.17,60.0
https://www.etsy.com/fr/listing/4390797754/50-autocollants-vifs-danimaux-de-safari,4390797754,"50 autocollants vifs d'animaux de safari, autocollants d'aventures de zoo, autocollants de jungle africaine, autocollants de faune pour bouteilles d'eau, guitare, bagages",4.8386,923,7.38,21.09,65.0
https://www.etsy.com/fr/listing/4371788731/feuille-dautocollants-feuilles-et-fleurs,4371788731,Feuille d'autocollants Feuilles et fleurs d'automne – Autocollants d'automne dessinés à la main pour journal intime | Mini autocollants pour agenda | Scrapbooking,4.9877,439,3.0,,
https://www.etsy.com/fr/listing/1889563965/pack-dautocollants-mysteres-lot-de-15,1889563965,Pack d'autocollants mystères / Lot de 15 mini autocollants / Papeterie mignonne / Sac mystère / Hydroflask / Esthétique / Autocollants en vinyle / Petits autocollants,4.9793,9400,3.49,,
https://www.etsy.com/fr/listing/1167996592/480-pieces-autocollants-de-modification,1167996592,480 pièces autocollants de Modification automobile JDM pour pare-chocs casque de vélo moto autocollants mixtes,4.8714,219,9.67,,
https://www.etsy.com/fr/listing/1659696879/autocollants-personnalises-de-plaque,1659696879,"Autocollants personnalisés de plaque d'immatriculation : moto, kart, voiture - plastifiés UV",4.7135,504,13.55,18.07,25.0
https://www.etsy.com/fr/listing/1164131106/autocollants-pour-plantes-jardin-fleuri,1164131106,"Autocollants pour plantes « Jardin fleuri » avec 45 mini stickers — stickers, décalcomanies, scrapbooking, papeterie, agenda",4.8845,6200,3.59,3.99,10.0
https://www.etsy.com/fr/listing/4399341330/washi-tape-chat-ruban-adhesif-stickers,4399341330,Washi tape chat - Ruban adhésif - Stickers - idée cadeau - fun - enfant - coloré - idée cadeau - junk journal - journaling - scrapbooking,4.9412,47,8.0,,
https://www.etsy.com/fr/listing/1524022658/50-stickers-japonais-rouges-en-papier,1524022658,50 stickers japonais rouges en papier Washi esthétique vintage pour scrapbooking et travaux manuels,4.9224,713,12.6,,
https://www.etsy.com/fr/listing/1048916719/sticker-kitty-danger-sticker-chat,1048916719,Sticker Kitty Danger / Sticker chat / Sticker vinyle / Tenir un journal / Scrapbooking / Hydroflask / Sticker Hydroflask / Chat,4.9793,9400,3.77,,
https://www.etsy.com/fr/listing/1752496229/feuille-dautocollants-anti-mites-de-nuit,1752496229,"Feuille d'autocollants anti-mites de nuit - Lot de 26 autocollants pour journal, agenda, scrapbooking et plus",4.9381,416,5.0,,
https://www.etsy.com/fr/listing/4343581578/pack-dautocollants-en-vinyle-teckel,4343581578,Pack d'autocollants en vinyle teckel kawaii : décalcomanies imperméables pour chien wiener,4.9865,74,3.76,5.37,30.0
https://www.etsy.com/fr/listing/1853342253/50-stickers-citations-inspirantes,1853342253,"50 stickers citations inspirantes, stickers amusants et motivants, lot d'autocollants en vinyle lumineux, mots positifs pour journalisation et décoration",4.8662,432,3.1,8.17,62.0
https://www.etsy.com/fr/listing/1477579724/1000-pieces-detiquettes-en-vinyle,1477579724,1000 pièces d'étiquettes en vinyle personnalisées de 2 po. | Étiquettes personnalisées en vrac | Autocollants avec logo | Autocollants pour café | Étiquettes autocollantes pour gobelets,4.9037,640,55.84,,
https://www.etsy.com/fr/listing/1837999376/autocollants-personnalises-en-vinyle,1837999376,Autocollants personnalisés en vinyle découpé (étiquettes personnalisées résistantes aux rayures et imperméables),4.9592,2800,10.21,13.99,27.0
https://www.etsy.com/fr/listing/1817275345/planche-de-stickers-retros-feuille,1817275345,"Planche de Stickers Rétros - Feuille d’Autocollants pour Planner, Ordinateur, Journal, Scrapbooking, Agenda...",5.0,42,4.0,,
https://www.etsy.com/fr/listing/1831555893/set-dautocollants-drapeaux-pays-xxl,1831555893,"Set d'autocollants drapeaux pays XXL monde entier, 300 autocollants drapeaux pays, résistants aux UV, imperméables, format 5 x 3 cm, modélisme, valise, décoration",4.7,83,32.99,,
https://www.etsy.com/fr/listing/1865703721/stickers-decoratifs-pour-panneau-de,1865703721,Stickers Décoratifs pour Panneau de Bienvenue de Mariage élégant et raffiné . Adhésifs autocollants panneau bienvenue mariage personnalisé,4.9048,651,15.55,18.3,15.0
https://www.etsy.com/fr/listing/1267103180/100-autocollants-retro-scrapbooking,1267103180,"100 autocollants rétro – Scrapbooking, papeterie, journal, agenda, articles en papier",4.8845,6200,7.64,8.49,10.0
https://www.etsy.com/fr/listing/1520315282/xxl-set-dautocollants-animaux-de-la,1520315282,XXL set d'autocollants animaux de la forêt stickers muraux pour chambres d'enfants pissenlit animaux stickers muraux pour chambres de bébé stickers muraux décoration autocollant DK1137,4.863,2500,19.8,,
https://www.etsy.com/fr/listing/4401641289/autocollant-vintage-la-nuit-et-sa-fille,4401641289,Autocollant vintage « La Nuit et sa fille endormies » (1902) | Sticker « Étoile brillante » | Sticker « Whimsigoth céleste » | Stickers esthétiques Dark Academia,4.898,196,2.71,3.19,15.0
https://www.etsy.com/fr/listing/4398074448/lot-dautocollants-mignons-dessines-pour,4398074448,"Lot d'autocollants mignons dessinés pour enfants, autocollants de scrapbooking, animaux de compagnie fantaisistes, cadeau d'anniversaire en vinyle pour enfants, lot d'autocollants doux pour ordinateur portable",4.7836,134,2.92,3.9,25.0
https://www.etsy.com/fr/listing/1328007810/2-feuilles-autocollants-meduses-meduses,1328007810,"2 feuilles, autocollants méduses, méduses, autocollants mer, autocollants colorés, kawaii, autocollants de scrapbooking, lot d'autocollants",4.7454,18900,3.59,3.98,10.0
https://www.etsy.com/fr/listing/1817750719/sticker-boisson-boba-rigolo-sticker,1817750719,Sticker boisson Boba rigolo : Sticker bubble tea humour adulte,4.7083,25,4.29,,
https://www.etsy.com/fr/listing/4330687117/feuilles-dautocollants-pour-laboratoire,4330687117,Feuilles d'autocollants pour laboratoire médical : décoration science et biologie,4.875,44,24.48,,
https://www.etsy.com/fr/listing/1774926447/pack-dautocollants-ghost-foods-effrayant,1774926447,Pack d'autocollants Ghost Foods - Effrayant - Gothique pastel - Lot de treize,4.9894,31800,6.03,8.61,30.0
https://www.etsy.com/fr/listing/4322176825/chasseresse-des-etoiles-predatrice,4322176825,Chasseresse des étoiles : prédatrice (Yautja) Sticker,5.0,165,5.38,,
https://www.etsy.com/fr/listing/1538202995/50-autocollants-japonais-verts-en-papier,1538202995,50 autocollants japonais verts en papier Washi esthétiques vintage pour le scrapbooking et le bricolage,4.9224,713,12.6,,
https://www.etsy.com/fr/listing/1682586979/stickers-personnalisee-decoration,1682586979,Stickers personnalisée décoration événement panneau backdrop (lire description),4.6667,219,5.0,,
https://www.etsy.com/fr/listing/1813084450/50-stickers-floraux-stickers-cottagecore,1813084450,"50 Stickers floraux, Stickers Cottagecore, Stickers esthétiques vintage, Stickers Nature, Stickers Scrapbook, Stickers Pour Journal Imperméables",4.8758,751,3.27,8.17,60.0
https://www.etsy.com/fr/listing/1632310834/autocollants-mousse-la-nature-envahit,1632310834,Autocollants mousse | La nature envahit les objets du quotidien | Fournitures de scrapbooking et de journal,4.8794,828,2.99,,
https://www.etsy.com/fr/listing/1092629261/creez-votre-propre-autocollant-vinyle,1092629261,"Créez votre propre autocollant vinyle personnalisé : transfert de message | Texte personnalisé | Couleurs, polices, tailles et texte à personnaliser",4.9608,1300,2.57,,
https://www.etsy.com/fr/listing/4358608510/pack-dautocollants-silly-goose,4358608510,"Pack d'autocollants Silly Goose : autocollants pour ordinateur portable, Kindle, agenda",4.7836,134,2.92,3.9,25.0
https://www.etsy.com/fr/listing/1538204987/50-stickers-japonais-jaunes-en-papier,1538204987,50 stickers japonais jaunes en papier Washi esthétiques vintage pour scrapbooking et travaux manuels,4.9224,713,12.6,,
https://www.etsy.com/fr/listing/803786108/autocollants-logo,803786108,"Autocollants logo personnalisés/Étiquettes logo commerciales transparentes/Autocollants logo en aluminium, Autocollants commerciaux en aluminium/Autocollants pour emballage de produit",4.8493,5100,0.26,0.35,25.0
https://www.etsy.com/fr/listing/714758849/stickers-texte-avec-logo-personnalise,714758849,"Stickers texte avec logo personnalisé Stickers vinyles personnalisés Transparent, blanc, or, or rose, argent",4.8737,38900,2.37,3.95,40.0
https://www.etsy.com/fr/listing/1750443754/plaque-de-bienvenue-pour-mariage-o,1750443754,"Plaque de bienvenue pour mariage | Prénoms personnalisables - acrylique, carton pour miroir - Sticker miroir de mariage - Pour le mariage de - Réception - Cérémonie",4.9103,2100,8.59,,
https://www.etsy.com/fr/listing/1880561882/feuille-dautocollants-abeilles-vinyle,1880561882,"Feuille d'autocollants abeilles, vinyle imperméable durable 20 autocollants insectes mignons pour agenda et cadeaux, cadeau de papeterie pour les amoureux de la nature",4.9313,364,3.23,,
https://www.etsy.com/fr/listing/1149727104/set-de-15-stickers-autocollants,1149727104,Set de 15 stickers autocollants holographiques thème Magie,4.9837,1400,4.6,,
https://www.etsy.com/fr/listing/1664111305/planche-dautocollants-vintage-o,1664111305,Planche d'autocollants vintage | Autocollants pour Bullet Journal | Étiquettes autocollantes pour Bujo | Dark Academia | Aquarelles | Autocollants pour livres esthétiques,4.9877,439,3.0,,
https://www.etsy.com/fr/listing/1853337121/50-stickers-botaniques-cottagecore,1853337121,"50 stickers botaniques cottagecore, journal esthétique vintage, lot d'autocollants rétro nature, stickers floraux, sticker papillon scrapbooking",4.8662,432,3.1,8.17,62.0
https://www.etsy.com/fr/listing/4351925370/stickers-premium-pour-looot,4351925370,Stickers Premium pour Looot,4.9545,198,9.9,,
https://www.etsy.com/fr/listing/1883840187/100-autocollants-jesus-autocollants-foi,1883840187,"100 autocollants Jésus, autocollants foi chrétienne, autocollants histoire biblique, lot d'autocollants religieux imperméables pour Kindle, journal, bouteille d'eau",4.8663,423,6.89,9.84,30.0
https://www.etsy.com/fr/listing/4390338825/lot-dautocollants-sarcastiques-citation,4390338825,"Lot d'autocollants sarcastiques, citation drôle, autocollant cadeau sarcastique pour collègue, ordinateur portable, bouteille d'eau, planificateur, ensemble d'autocollants, autocollants humoristiques",4.7836,134,2.92,3.9,25.0
https://www.etsy.com/fr/listing/1789000028/stickers-pack-sorciere-witch-automne,1789000028,Stickers pack sorcière - witch - automne - spooky - autocollant,4.9917,172,8.0,,
https://www.etsy.com/fr/listing/1778429916/funny-sticker,1778429916,FUNNY STICKER,5.0,181,2.75,,
https://www.etsy.com/fr/listing/1855821401/lot-de-25-autocollants-romantiques,1855821401,"Lot de 25 autocollants romantiques fantastiques, cadeau pour les amateurs de livres épicés, produit littéraire livresque, autocollant Kindle, lecteur Smut Reader, amateur de lecture",4.9852,239,13.98,,
https://www.etsy.com/fr/listing/1880828691/ruban-adhesif-pet-mat-renaissance,1880828691,Ruban adhésif PET mat Renaissance vénitienne 2 - Stickers pour journal de fantaisie historique,4.9891,406,11.44,,
https://www.etsy.com/fr/listing/1789323708/livre-de-rangement-dautocollants-le,1789323708,"Livre de rangement d'autocollants Le chaos des grenouilles, livre d'autocollants réutilisables, livre de collection d'autocollants, gardien d'autocollants, carnet d'autocollants, album d'autocollants",4.9983,6800,21.52,,
https://www.etsy.com/fr/listing/665060848/sticker-poisson-truite-fario-sticker,665060848,Sticker poisson truite fario - Sticker vinyle imperméable,4.9728,4800,3.23,,
https://www.etsy.com/fr/listing/4399631916/etiquette-nutella-personnalisee-motif,4399631916,Étiquette Nutella personnalisée – Motif bonhomme de neige – Édition hivernale – Étiquette nominative pour pâte à tartiner au chocolat,4.7302,368,1.19,1.99,40.0
https://www.etsy.com/fr/listing/1870486446/stickers-bar-a-bieres-mariage-fete,1870486446,"Stickers ""Bar à Bières"" / mariage / fête / anniversaire / baptême / boisssons",4.8947,38,8.0,,
https://www.etsy.com/fr/listing/4310987609/sticker-decoratif-fleurs-marguerites,4310987609,Sticker décoratif fleurs marguerites roses/beiges pour boîte de rangement IKEA Trofast,4.8434,2100,5.35,5.95,10.0
https://www.etsy.com/fr/listing/4397520065/autocollants-affirmations-positives,4397520065,AUTOCOLLANTS AFFIRMATIONS POSITIVES Bundle d'autocollants motivants basés sur du texte Lot d'autocollants de texte Inspirations Citation inspirante Journal d'autocollants,4.7836,134,2.92,3.9,25.0
https://www.etsy.com/fr/listing/1735568192/stickers-smiley-autocollants-pour,1735568192,"Stickers Smiley, autocollants pour emballage de fête, décoration",4.9474,5000,2.9,,
https://www.etsy.com/fr/listing/1489835401/stickers-logo-personnalises-stickers,1489835401,"Stickers logo personnalisés, stickers ronds mats (45 mm, feuille A4)",4.9617,6100,2.13,,
https://www.etsy.com/fr/listing/4380504156/ruban-adhesif-pet-automne-theme-de-la,4380504156,"Ruban adhésif PET automne : thème de la forêt, renard et champignons, stickers de journalisation coupe Kiss (5 cm de large)",4.975,9200,7.2,,
https://www.etsy.com/fr/listing/1152736352/45-stickers-autocollants-chats-et-chiens,1152736352,45 stickers autocollants chats et chiens kawaii,4.918,424,3.0,,
https://www.etsy.com/fr/listing/1822530859/50-autocollants-mignons-pour-collations,1822530859,"50 autocollants mignons pour collations, autocollants pour aliments et boissons, lot d'autocollants Kawaii imperméables, autocollants pour bouteilles d'eau ou journaux",4.8758,751,3.27,8.17,60.0
https://www.etsy.com/fr/listing/4391889435/50-autocollants-de-surf-retro,4391889435,"50 autocollants de surf rétro, autocollants d'été pour planches de surf, autocollants vagues de plage, autocollants esthétiques océan pour ordinateur portable, bouteille d'eau, planche à roulettes",4.8386,923,7.38,21.09,65.0
https://www.etsy.com/fr/listing/1249072086/etiquettes-dingredients-autocollants,1249072086,Etiquettes d'ingrédients Autocollants personnalisés pour ingrédients,4.8737,38900,2.37,3.95,40.0
https://www.etsy.com/fr/listing/1701514134/lot-de-mini-planches-dautocollants,1701514134,Lot de mini-planches d'autocollants « Amoureux du café » | 3 planches d'autocollants pour Bullet Journal | Étiquettes autocollantes pour Bujo | Café | Bullet Journal esthétique,4.9877,439,5.0,,
https://www.etsy.com/fr/listing/1768716040/feuille-dautocollants-de-lacademie-o,1768716040,Feuille d'autocollants de l'Académie |  Autocollants pour Bullet Journal | Étiquettes autocollantes pour Bujo | Académie des ténèbres | Aquarelles | Autocollants de livres esthétiques,4.9877,439,3.0,,
https://www.etsy.com/fr/listing/4310395382/stickers-autocollants-pour-boite-aux,4310395382,Stickers autocollants pour boite aux lettres personnalisée avec numéro et nom de famille,4.9127,975,10.0,,
https://www.etsy.com/fr/listing/4362349049/le-coin-des-artistes-autocollants,4362349049,"Le coin des artistes - autocollants | Feuille d'autocollants en papier mat, A6",4.9913,4000,3.69,,
https://www.etsy.com/fr/listing/1803056288/planche-de-stickers-annees-2000-feuille,1803056288,"Planche de Stickers Années 2000 - Feuille d’Autocollants pour Planner, Ordinateur, Journal, Scrapbooking, Agenda...",5.0,42,4.0,,
https://www.etsy.com/fr/listing/1266123218/adorables-petits-autocollants-papillon-o,1266123218,Adorables petits autocollants papillon | Cadeau pour amoureux des papillons | Stickers pour ordinateur portable et coque de téléphone | Feuille d'autocollants adorables petits papillons,4.9478,1700,5.65,,
https://www.etsy.com/fr/listing/1827273917/50-autocollants-pour-cartes-de-tarot,1827273917,"50 autocollants pour cartes de tarot, autocollants mystiques chat, autocollants Kindle de sorcière, autocollants spirituels, autocollants occultes, lot d'autocollants de tarot mignons",4.8758,751,3.27,8.17,60.0
https://www.etsy.com/fr/listing/1822524733/50-stickers-positifs-aleatoires-stickers,1822524733,"50 stickers positifs aléatoires, stickers motivants, lot de stickers inspirants mignons, citations d'encouragement pour la rédaction d'un journal",4.8386,923,7.38,21.09,65.0
https://www.etsy.com/fr/listing/1489922477/sticker-mural-panda-decoration-chambre,1489922477,Sticker mural Panda - Décoration chambre enfant - Illustrations d'animaux à l'aquarelle,4.885,7600,31.5,42.0,25.0
https://www.etsy.com/fr/listing/1500324963/stickers-calembours-pour-plantes,1500324963,"Stickers calembours pour plantes succulentes, lot de 8 pièces, cadeau amusant pour les amateurs de plantes, sticker bouteille d'eau cactus, sticker pour ordinateur portable, jolie plante d'intérieur de jardin",5.0,69,2.69,,
https://www.etsy.com/fr/listing/1744535282/stickers-pour-journal-design-original,1744535282,"Stickers pour journal, design original fille à faible consommation d'énergie, thème paresseux, feuille d'autocollants de la vie quotidienne, autocollants pour agenda",5.0,54,3.88,,
https://www.etsy.com/fr/listing/4367458201/feuille-dautocollants-korok-friends-la,4367458201,"Feuille d'autocollants Korok Friends - La légende de Zelda : le souffle de la nature / les larmes du royaume en vinyle mat, autocollants floraux en forme de baiser",4.9938,2100,8.49,,
https://www.etsy.com/fr/listing/1854478406/etiquette-personnalisee-ronde,1854478406,"Etiquette personnalisée ronde autocollante mate 3cm, 4cm, 4.5cm, 6cm et 8.5cm de diamètre ou Perforée de 3,8cm Stickers Mariage Baptême",4.9304,1300,2.8,,
https://www.etsy.com/fr/listing/1524028764/50-stickers-japonais-roses-en-papier,1524028764,50 stickers japonais roses en papier Washi esthétiques vintage pour le scrapbooking et le bricolage,4.9224,713,12.6,,
https://www.etsy.com/fr/listing/1163813817/set-de-15-stickers-autocollants,1163813817,Set de 15 stickers autocollants holographiques Feuilles,4.9837,1400,4.6,,
https://www.etsy.com/fr/listing/1853337433/50-autocollants-esthetiques-cottagecore,1853337433,"50 autocollants esthétiques Cottagecore, autocollants nature verte, autocollants vintage romantiques, autocollants découpés, autocollants pour ordinateur portable Kindle",4.8662,432,3.1,8.17,62.0
https://www.etsy.com/fr/listing/1263143072/set-de-15-stickers-autocollants,1263143072,Set de 15 stickers autocollants holographiques Pack Surprise,4.9837,1400,4.2,,
https://www.etsy.com/fr/listing/4385784998/autocollants-sandylion-annees-90-o,4385784998,Autocollants Sandylion années 90 | Autocollants Fuzzy Stoffies | Planche originale,5.0,44,1.5,,
https://www.etsy.com/fr/listing/4371782104/feuille-dautocollants-dautomne-dark,4371782104,Feuille d'autocollants d'automne Dark Academia – Papeterie d'automne chaleureuse dessinée à la main pour journal intime | Décoration d'agenda | Feuille d'autocollants pour fournitures artistiques,4.9877,439,3.0,,
https://www.etsy.com/fr/listing/4385895861/sticker-esthetique-2026-v2-sticker-pour,4385895861,"Sticker esthétique 2026 v2 Sticker pour journal intime, Agenda, Sticker bouteille d'eau, Sticker pour ordinateur portable, Sticker chiffre",4.9682,220,4.29,,
https://www.etsy.com/fr/listing/1834981859/sticker-fleurs-sauvages-roses-sticker,1834981859,"Sticker fleurs sauvages roses, sticker imperméable pour tasse, mat ou brillant, sticker fleurs sauvages peint à la main, sticker fleurs roses petit",4.9663,280,3.55,,
https://www.etsy.com/fr/listing/1770141031/sticker-faucheuse-avec-chat-design,1770141031,Sticker Faucheuse avec chat : design gothique kawaii,4.9718,139,4.84,,
https://www.etsy.com/fr/listing/1889680213/autocollants-dentretien-personnel-poke-o,1889680213,"Autocollants d'entretien personnel Poke | Stickers imperméables en vinyle pour Bullet Journal, agenda, ordinateur portable, bouteille d'eau, coque de téléphone, déco",4.9812,2900,3.76,,
https://www.etsy.com/fr/listing/1741168242/301050-pcs-chibi-genshin-impact-sticker,1741168242,"30/10/50 PCS Chibi Genshin Impact Sticker - Sticker vinyle mignon - Sticker pour ordinateur portable, scrapbooking, agenda et journal - Cadeau pour les enfants",4.7766,930,8.61,,
https://www.etsy.com/fr/listing/1154751629/60-autocollants-de-conte-de-fees-retro,1154751629,"60 autocollants de conte de fées rétro – Scrapbooking, papeterie, journal, agenda, articles en papier",4.8845,6200,7.91,8.79,10.0
https://www.etsy.com/fr/listing/1451387921/sticker-mural-arche-decoration-de,1451387921,"Sticker mural arche, décoration de chambre, sticker de chambre, mur rafraîchi, nouvelle décoration, intérieur rafraîchi, décoration de chambre d'enfant, sélection de couleurs, amovible",4.88,687,16.05,21.4,25.0
https://www.etsy.com/fr/listing/1866842616/lot-de-2-stickers-boisson-mariage,1866842616,"Lot de 2 stickers Boisson – Mariage, baptême, anniversaire, fête",4.8947,38,10.0,,
https://www.etsy.com/fr/listing/1201493715/autocollant-holographique-queen-bee,1201493715,Autocollant holographique Queen Bee - Autocollants Bullet Journal - Autocollants vinyles - Autocollants décoratifs - Autocollants Scrapbooking - Bouteille d’eau,4.9793,13000,3.0,,
https://www.etsy.com/fr/listing/4357098983/50-autocollants-brooaway-pour-theatre,4357098983,"50 autocollants Brooaway pour théâtre musical, autocollants artistiques, autocollants vintage, autocollants de collection, autocollants imperméables pour les amateurs de théâtre",4.8136,59,2.91,9.7,70.0
https://www.etsy.com/fr/listing/1877263627/stickers-connasse-a-bord-autocollant,1877263627,"Stickers Connasse à bord, autocollant voiture, stickers voiture humour femme autocollant pare-choc humouristique stickers auto adhésif",4.9425,168,9.0,,
https://www.etsy.com/fr/listing/1897424367/stickers-premium-pour-farshore-produit,1897424367,Stickers Premium pour Farshore - Produit non officiel,4.9545,198,6.5,,
https://www.etsy.com/fr/listing/4364953064/feuilles-dautocollants-dbt-skills,4364953064,"Feuilles d'autocollants DBT Skills : thérapie à l'aquarelle pastel, pleine conscience (lot de 24 minis)",5.0,22,14.11,18.82,25.0
https://www.etsy.com/fr/listing/4355635951/decalcomanie-de-plaque-odi-personnalisee,4355635951,Décalcomanie de plaque ODI personnalisée avec vinyle Substance et stratifié !,4.7397,73,20.43,,
https://www.etsy.com/fr/listing/1866640122/ruban-adhesif-pet-mat-the-diner-carnets,1866640122,Ruban adhésif PET mat The Diner - Carnets autocollants rétro vintage,4.9891,406,11.44,,
https://www.etsy.com/fr/listing/4394188633/mini-jeu-dautocollants-dencouragement,4394188633,Mini jeu d'autocollants d'encouragement - Rappels sur la santé mentale et les soins personnels : autocollants en vinyle IMPERMÉABLES,4.9805,836,6.46,,
https://www.etsy.com/fr/listing/1337311537/kit-autocollants-stickers-pour-goldorak,1337311537,Kit Autocollants / Stickers pour Goldorak Shogun – Restauration Jouet Vintage – Goldrake / Grendizer,4.8824,189,15.9,,
https://www.etsy.com/fr/listing/4372463395/my-rock-way-mini-boite-autocollant,4372463395,"My Rock Way Mini Boîte Autocollant Stickers décoratifs Étiquettes scrapbooking, album de papeterie, journal intime, agenda, carnet DIY, etc.",4.9884,231,3.85,,
https://www.etsy.com/fr/listing/1777090523/xxl-set-de-stickers-muraux-pour-chambre,1777090523,XXL set de stickers muraux pour chambre d'enfant animaux de la forêt stickers muraux pour chambre de bébé arbre renard ours sticker mural décoration autocollante DK1162,4.863,2500,19.8,,
https://www.etsy.com/fr/listing/1242303635/54-autocollants-smileys-pastel,1242303635,54 autocollants smileys pastel - Autocollants de récompense - autocollants pour enfants - autocollants smiley pastel,4.9348,95,2.0,,
https://www.etsy.com/fr/listing/1440942897/stickers-autocollants-pour-boite-aux,1440942897,Stickers autocollants pour boite aux lettres personnalisée personnages nom prénom numéro de rue,4.9127,975,2.0,,
https://www.etsy.com/fr/listing/1095074737/autocollants-droles-stickers-vinyle-a,1095074737,Autocollants drôles stickers vinyle à l'unité ou en lot,4.9831,364,4.5,,
https://www.etsy.com/fr/listing/4398030509/decoration-de-noel-personnalisee-en-bois,4398030509,"Décoration de Noël personnalisée en bois avec prénom pour sapin. Premier Noël, animaux, cadeau Secret Santa",4.9592,49,5.0,,
https://www.etsy.com/fr/listing/1474149864/feuille-dautocollants-formes-abstraites,1474149864,"Feuille d'autocollants, formes abstraites mates illustrées à la main, formes abstraites, autocollants abstraits, autocollants Polco, formes aléatoires, autocollants de scrapbooking",4.9338,2200,5.15,6.44,20.0
https://www.etsy.com/fr/listing/1326003922/stickers-danniversaire-personnalises,1326003922,Stickers d'anniversaire personnalisés : Stickers de fête,4.8596,12200,7.75,8.61,10.0
https://www.etsy.com/fr/listing/4380708680/stickers-aquarelle-de-noel-6-feuilles-o,4380708680,"Stickers aquarelle de Noël 6 feuilles | Lot de décorations vintage des Fêtes | Agenda d'albums de Noël Père Noël, bonhomme de neige, sapin d'hiver",4.8722,134,5.48,6.45,15.0
https://www.etsy.com/fr/listing/1769859122/sticker-surfeur-argente,1769859122,Sticker surfeur argenté,4.8333,191,3.23,,
https://www.etsy.com/fr/listing/1711330568/biere-hey-buddyautocollant-chien-en,1711330568,"Bière HEY BUDDY//autocollant chien en vinyle résistant aux intempéries//bouteille d'eau, ordinateur portable, ordinateur portable, voiture - 3,34 pouces",4.97,1800,3.66,4.3,15.0
https://www.etsy.com/fr/listing/1810319054/feuille-dautocollants-des-amis-de-noel,1810319054,Feuille d'autocollants des amis de Noël • Stickers mats des fêtes de fin d'année kawaii,4.9817,3000,3.77,,
https://www.etsy.com/fr/listing/1431591279/stickers-muraux-engins-de-chantier-pelle,1431591279,Stickers muraux engins de chantier pelle grue sable bétonnière,4.8802,1400,34.0,40.0,15.0
https://www.etsy.com/fr/listing/4339959692/lando-norris-stickers-silverstone,4339959692,Lando Norris Stickers - Silverstone British Grand Prix - McLaren Formula 1,4.8974,141,2.95,,
https://www.etsy.com/fr/listing/1199092066/set-de-15-stickers-holographiques,1199092066,Set de 15 stickers holographiques Fougères,4.9837,1400,4.6,,
https://www.etsy.com/fr/listing/4388058263/stickers-decoratifs-boheme-esoterique,4388058263,"Stickers décoratifs bohème ésotérique, autocollant scrapbooking, papeterie créative, matériel bullet journal",4.9535,248,0.35,0.5,30.0
https://www.etsy.com/fr/listing/4357111400/esthetique-dautocollants-japonaiscoreens,4357111400,"Esthétique d'autocollants japonais/coréens kawaii de l'an 2000-Pack d'autocollants esthétiques japonais | Scrapbooking, tenue d'un journal, autocollants pour collage kawaii",4.8596,57,1.43,,
https://www.etsy.com/fr/listing/1568081540/xxl-set-dautocollants-autocollants,1568081540,XXL set d'autocollants autocollants muraux animaux de la jungle pour chambre d'enfant autocollants muraux animaux de safari pour chambre de bébé autocollant mural palmier DK1146,4.863,2500,15.39,,
https://www.etsy.com/fr/listing/1807636114/50-autocollants-artistiques-aleatoires,1807636114,"50 autocollants artistiques aléatoires, autocollants esthétiques de livre de contes, autocollants fille de conte de fées rétro, lot d'autocollants victoriens, autocollants de journal vintage",4.8662,432,3.1,8.17,62.0
https://www.etsy.com/fr/listing/4353265592/lot-dautocollants-antifascistes,4353265592,"Lot d'autocollants antifascistes : militantisme politique, antifa, antiraciste",4.9238,1900,6.49,9.99,35.0
https://www.etsy.com/fr/listing/4310759753/pack-dautocollants-monstre-anime-kawaii,4310759753,Pack d'autocollants Monstre Anime Kawaii – Lot mystère | Autocollants mignons | Stickers de style japonais | Stickers pour ordinateur portable | Cadeau Otaku du Japon,4.9543,219,6.4,7.11,10.0
https://www.etsy.com/fr/listing/1818177724/50-autocollants-techniques-aleatoires,1818177724,"50 autocollants techniques aléatoires pour programmeurs, autocollants de codage en vinyle amusants, autocollants étanches pour ordinateur portable d'ingénieur, cadeaux sur le thème de l'ordinateur",4.8231,148,5.66,18.86,70.0
https://www.etsy.com/fr/listing/1895819707/random-kitties-cats-memes-pieces-o,1895819707,Random Kitties Cats Memes Pieces | Version anglaise | Autocollants pour enseignants | Plus de 100 modèles | Stickers mèmes personnalisés,4.9138,58,3.99,5.7,30.0
https://www.etsy.com/fr/listing/1678349256/stickers-prenoms-autocollant-prenoms,1678349256,Stickers prénoms - Autocollant prénoms,4.9474,510,0.5,,
https://www.etsy.com/fr/listing/1865680453/ensemble-dautocollants-fleurs-sechees,1865680453,"Ensemble d'autocollants fleurs séchées, Stickers bouquet de fleurs sauvages, Stickers fleurs sauvages, Stickers floraux hippie bohème, Stickers fleurs des prés",4.816,11200,2.74,3.42,20.0
https://www.etsy.com/fr/listing/1856124596/50-stickers-feministe-sororite-equality,1856124596,50 Stickers Feministe sororité equality - Vinyle stickers bundle- Funny stickers pack- autocollants,4.8715,2200,1.9,,
https://www.etsy.com/fr/listing/1306323792/stickers-chat-noir-stickers-agenda,1306323792,"Stickers chat noir, Stickers agenda, Stickers agenda, Fabrication de cartes, Stickers coréens, Stickers petits travaux manuels, Fournitures de scrapbooking, cadeau chat noir",4.816,11200,1.71,2.14,20.0
https://www.etsy.com/fr/listing/1644848556/lot-50-stickers-humour-noir-sarcastique,1644848556,Lot 50 stickers humour noir / sarcastique / drôle  - Vinyle stickers bundle- Funny stickers pack- autocollants,4.8715,2200,3.9,,
https://www.etsy.com/fr/listing/1424100676/super-abordable-2010304050-feuilles,1424100676,"Super abordable, 20/10/30/40/50 feuilles, autocollants de fleurs, décoration d'album photo, lot d'autocollants pour fille, feuille d'autocollants, cadeau pour elle, cadeau d'agenda",4.7454,18900,3.29,3.66,10.0
https://www.etsy.com/fr/listing/4397284046/autocollants-de-travail-sarcastique,4397284046,"Autocollants de travail sarcastique | Stickers Kindle amusants, ordinateur portable, bouteille d'eau",4.9138,58,4.99,7.13,30.0
https://www.etsy.com/fr/listing/1830879378/50-stickers-pour-kindle-girly-downtown,1830879378,"50 stickers pour Kindle Girly Downtown, lot d'autocollants coquette Pinterest, agenda, stickers pour ordinateur portable",4.8319,226,2.05,4.1,50.0
https://www.etsy.com/fr/listing/1784094179/300-autocollants-de-logo-de-marque-cool,1784094179,"300 autocollants de logo de marque cool – Pack d'autocollants imperméables pour adultes | Stickers skate, ordinateur portable, voiture et bagage",3.8846,41,21.51,,
https://www.etsy.com/fr/listing/4384203242/stickers-the-knight-and-the-moth,4384203242,Stickers - The Knight and The Moth,4.9942,1900,3.5,,
https://www.etsy.com/fr/listing/1494560646/1000-pieces-3-etiquette-en-vinyle,1494560646,"1000 pièces 3"" Étiquette en vinyle transparent personnalisée | Étiquettes personnalisées en vrac | Autocollants transparents avec logo | Autocollants transparents pour café | Autocollants pour gobelets",4.9037,640,71.98,,
https://www.etsy.com/fr/listing/1649280194/autocollants-patagonia-pour-ordinateur,1649280194,"Autocollants Patagonia pour ordinateur portable, coque de téléphone ou bouteille d'eau, coffret cadeau d'autocollants nature et plein air 50 pièces, décoration agenda et carnet",5.0,25,16.99,,
https://www.etsy.com/fr/listing/1799669221/50-stickers-aesthetic-pinterest-vibe,1799669221,50 Stickers Aesthetic - Pinterest vibe - citations - Vinyle -  bundle- Flower market- autocollants - Art abstrait - bullet journal,4.8715,2200,1.9,,
https://www.etsy.com/fr/listing/1854467228/50-autocollants-esthetiques-pour-filles,1854467228,"50 autocollants esthétiques pour filles du centre-ville (3), Pack d'autocollants coquette fille Pinterest, Kindle, autocollants pour ordinateur portable",4.844,4000,1.87,3.73,50.0
https://www.etsy.com/fr/listing/1880838109/autocollant-drole-de-tdah-hocus-pocus-i,1880838109,Autocollant drôle de TDAH Hocus Pocus I Cant Focus Vinyle Autocollant pour ordinateur portable Bouteille d'eau Humour neurodivergent Cadeau pour les amis TDAH,4.9597,1100,1.95,,
https://www.etsy.com/fr/listing/1856134485/50-stickers-retro-pour-journal-stickers,1856134485,"50 stickers rétro pour journal, stickers esthétiques de scrapbooking, stickers bohèmes, stickers artistiques, stickers pour projets créatifs et bricolage",4.8662,432,3.1,8.17,62.0
https://www.etsy.com/fr/listing/1014722781/3-feuilles-dautocollants-mats-lot,1014722781,"3 feuilles d'autocollants mats, lot d'autocollants, lot d'autocollants, autocollants mignons, lot d'autocollants, lot d'autocollants pour agenda, autocollants pour carnet",4.9913,4000,9.49,,
https://www.etsy.com/fr/listing/1590851477/stickers-nomautocollant-en,1590851477,"Stickers Nom,Autocollant en Vinyle,Décalcomanie,Étiquette Personnalisée,Sticker pour Gourde,Verre,Gobelet,Marque Place Mariage,Boule Noël",4.8623,2800,0.6,1.2,50.0
https://www.etsy.com/fr/listing/4359118811/etiquettes-autocollantes-personnalisees,4359118811,"Étiquettes autocollantes personnalisées – Stickers ronds 35 40 60 mm – Baptême, Baby Shower",4.8816,6400,0.17,0.18,5.0
https://www.etsy.com/fr/listing/1826617539/stickers-chats-medievaux-12-stickers,1826617539,Stickers chats médiévaux. 12 stickers chats médiévaux,4.8699,5500,5.36,,
https://www.etsy.com/fr/listing/914759714/autocollants-personnalises-autocollants,914759714,Autocollants personnalisés Autocollants logo Autocollants personnalisés Autocollants transparents en feuille d'or,4.8737,38900,2.37,3.95,40.0
https://www.etsy.com/fr/listing/4313585085/lot-de-9-autocollants-militants-coupon,4313585085,"Lot de 9 autocollants militants, coupon, lot, taxi, gauchiste, communiste, mangez les riches, militant, immigré, justice, 1312",4.9509,4400,7.08,11.8,40.0
https://www.etsy.com/fr/listing/4361484374/autocollants-de-tarot-ensemble,4361484374,Autocollants de tarot | Ensemble d'autocollants Rider Waite Arcanes Majeurs | Fournitures de scrapbooking et de journal,4.8794,828,2.99,,
https://www.etsy.com/fr/listing/1783596924/50-autocollants-palestine-gratuits-pack,1783596924,"50 autocollants Palestine gratuits | Pack d'autocollants Palestine Support, Sticker fin d'occupation, Sticker Palestine pour ordinateur portable Kindle",4.701,337,2.83,11.32,75.0
https://www.etsy.com/fr/listing/1583549145/lot-de-10-a-100-memes-et-references,1583549145,Lot de 10 à 100 mèmes et références amusantes,4.8796,27900,2.14,,
https://www.etsy.com/fr/listing/1897034573/50-autocollants-de-livres-pour-kindle,1897034573,"50 autocollants de livres pour Kindle, lot d'autocollants sur le thème de la lecture livresque (1), coffret cadeau pour amoureux des livres",4.844,4000,1.87,3.73,50.0
https://www.etsy.com/fr/listing/1863839618/autocollants-melanges-aufkleber-sticker,1863839618,AUTOCOLLANTS MÉLANGÉS Aufkleber Sticker Stickers ordinateur portable Planner Mystery Bundle Surprise Bag Überraschungspaket Sticker Set Motivation sarcastique,4.7836,134,2.92,3.9,25.0
https://www.etsy.com/fr/listing/4302412523/50-stickers-tomate-citron-pack,4302412523,"50 stickers tomate citron, pack d'autocollants pour Bullet Journal méditerranéen, stickers coquettes de fruits pour journal indésirable, fournitures pour Bullet Journal",4.844,4000,1.87,3.73,50.0
https://www.etsy.com/fr/listing/1753832961/10-50-stickers-memes-chat-faisant-face-a,1753832961,10-50 stickers mèmes chat faisant face à des chats mignons,4.8796,27900,2.14,,
https://www.etsy.com/fr/listing/1856645210/livre-dautocollants-retro-japonais-de-45,1856645210,Livre d'autocollants rétro japonais de 45 pages/800 autocollants | kpop polco kawaii mignons autocollants kpop déco polco coréen journalisation scrapbooking papeterie,4.9181,3000,11.52,14.4,20.0
https://www.etsy.com/fr/listing/1835052486/lots-dautocollants-etoile-de-lune,1835052486,Lots d'autocollants étoile de lune sorcière noire / céleste / lilas / autocollants ciel et nuages / autocollants agenda / autocollants sorcière,4.816,11200,2.51,3.14,20.0
https://www.etsy.com/fr/listing/4321534079/meme-katzen-50-lustige-sticker-susse,4321534079,"Meme Katzen 50 Lustige Sticker - Süße & Witzige Katze Aufkleber - Mat ou brillant - Parfait pour ordinateur portable, pratique, Bullet Journal",4.6818,22,1.27,1.5,15.0
https://www.etsy.com/fr/listing/1686833263/pack-dautocollants-fandom-livresques-o,1686833263,"Pack d'autocollants Fandom livresques | ACOTAR, Trône de verre, Crescent City, Quatrième aile et plus",4.9261,803,2.68,4.47,40.0
https://www.etsy.com/fr/listing/1718267175/ensemble-dautocollants-chat-pour-le,1718267175,"Ensemble d'autocollants chat pour le petit-déjeuner | Autocollant chat mignon, autocollants durables imperméables, autocollant kawaii, autocollant en vinyle, ensemble d'autocollants alimentaires, autocollants alimentaires mignons",4.9731,2800,6.36,,
https://www.etsy.com/fr/listing/1111837323/feuille-dautocollants-cottagecore,1111837323,"Feuille d'autocollants - Cottagecore | autocollants de carnet, calendrier, autocollants d'agenda, autocollants de scrapbooking, autocollants de printemps, art cosy, art cottagecore",4.9876,24400,2.79,,
https://www.etsy.com/fr/listing/4361731678/plus-de-170-stickers-de-voyage-coree,4361731678,"Plus de 170 stickers de voyage : Corée, France, Italie, Japon, Royaume-Uni, États-Unis, Chine",5.0,3,11.29,,
https://www.etsy.com/fr/listing/4303482528/lot-mysterieux-dautocollants-roses-girly,4303482528,"Lot mystérieux d'autocollants roses Girly Romance, 5 ou 10 pièces | Romance rose | Livre | Livres | Lecture | Ensemble d'autocollants | Kindle | Bouteille d'eau",4.984,424,0.7,,
https://www.etsy.com/fr/listing/1671114612/autocollants-personnalises-autocollants,1671114612,"Autocollants personnalisés, Autocollants personnalisés, Autocollants en vinyle personnalisés, Vos photos comme autocollants, Imperméables, Autocollants individuels, Autocollants pour ordinateur portable",4.9454,1000,0.66,1.0,34.0
https://www.etsy.com/fr/listing/4322739291/lot-de-10-20-ou-50-autocollants-pour,4322739291,"Lot de 10, 20 ou 50 autocollants pour passeports voyage du monde pour agendas, journaux, décorations, récompenses, articles de fête, cadeaux et plus encore !",4.8042,6400,3.22,,
https://www.etsy.com/fr/listing/689926774/60-autocollants-et-fragments-de-papier,689926774,"60 autocollants et fragments de papier, série Retro Memories - scrapbooking, papeterie, journal, agenda, articles en papier",4.8845,6200,6.92,7.69,10.0
https://www.etsy.com/fr/listing/1690885026/cest-bien-autocollants-meme-drole-cest,1690885026,"C'est bien, autocollants, mème drôle, c'est bien, autocollant pour ordinateur portable, bouteille d'eau, autocollant One Piece, vinyle, feu, drôle, mental, je vais bien, citation",4.9597,1100,2.5,,
https://www.etsy.com/fr/listing/1819480009/lot-de-5-stickers-holographiques-au,1819480009,"Lot de 5 Stickers Holographiques au choix, Déco pour Ordinateur, Autocollant pour téléphone, Vinyle pailleté, Stickers étanches",5.0,42,5.0,,
https://www.etsy.com/fr/listing/4353630267/35-stickers-japonais-culturels-et,4353630267,"35 stickers japonais, culturels et excentriques pour le scrapbooking et le bricolage",4.9224,713,10.52,,
https://www.etsy.com/fr/listing/4353944314/50-autocollants-gothiques-vintage,4353944314,"50 autocollants gothiques vintage, autocollants tête de mort noir et blanc, autocollants punk rock, autocollants imperméables pour bagages, autocollants graffiti, autocollants rétro",4.9333,30,6.46,12.91,50.0
https://www.etsy.com/fr/listing/1076352589/lot-de-50-autocollants-autocollants,1076352589,Lot de 50 autocollants - Autocollants étiquette face B - Autocollants mignons - Journal intime mignon papeterie - Cadeau pour elle - Cadeau meilleur ami - Autocollants pour ordinateur portable,4.2,80,21.52,,
https://www.etsy.com/fr/listing/1865060952/stickers-impermeables-fantasy-national,1865060952,"Stickers imperméables Fantasy National Park, Stickers aventure en vinyle pour les amateurs de fantastique, les paysages mystiques, les jeux de rôle sur table et les amateurs de nature",4.9477,19800,3.92,4.36,10.0
https://www.etsy.com/fr/listing/1577417289/build-a-bundle-stickers-vinyles-hippie,1577417289,"BUILD A BUNDLE // Stickers vinyles - hippie, trippy, camping",4.9306,8100,16.5,,
https://www.etsy.com/fr/listing/4359113336/etiquettes-rondes-autocollantes,4359113336,Étiquettes rondes autocollantes personnalisées – Mariage – Stickers 35 40 60 mm,4.8816,6400,0.17,0.18,5.0
https://www.etsy.com/fr/listing/1167780871/autocollant-personnalisable-adhesif,1167780871,"Autocollant personnalisable, adhésif personnalisé - mariage, gourdes, anniversaires - lettrage Vinyle, logo, texte, image",4.9444,2100,0.8,,
https://www.etsy.com/fr/listing/1816352235/stickers-prenoms-autocollant-prenoms,1816352235,Stickers prénoms - Autocollant prénoms,4.9474,510,0.5,,
https://www.etsy.com/fr/listing/4344758310/lot-dautocollants-sarcastiques-amusants,4344758310,Lot d'autocollants sarcastiques amusants | Packs d'autocollants amusants | Lot d'autocollants imperméables | Autocollants humoristiques | Autocollants drôles | Stickers Kindle pour ordinateur portable,4.9486,214,5.57,8.58,35.0
https://www.etsy.com/fr/listing/4394688391/lot-de-100-autocollants-individuels,4394688391,"Lot de 100 autocollants individuels – Autocollants décoratifs pour cadeaux, agendas, carnets et scrapbooking – Joli lot d'autocollants",4.9167,116,5.19,,
https://www.etsy.com/fr/listing/1820542134/feuille-dautocollants-tasse-du-jour-pour,1820542134,"Feuille d'autocollants « Tasse du jour » pour bullet journal, scrapbooking, art journal, carterie",4.9776,4900,2.5,,
https://www.etsy.com/fr/listing/1889004571/autocollant-boite-de-sardines-sticker,1889004571,"Autocollant Boîte de Sardines – Sticker Fait Main en Mat, Brillant ou Holographique",4.9917,311,2.0,,
https://www.etsy.com/fr/listing/1821440707/feuille-dautocollants-ecologiques-en,1821440707,Feuille d'autocollants écologiques en forme de canard : autocollants pour agenda kawaii,4.9949,1700,3.5,,
https://www.etsy.com/fr/listing/4353265592/lot-dautocollants-antifascistes,4353265592,"Lot d'autocollants antifascistes : militantisme politique, antifa, antiraciste",4.9238,1900,6.49,9.99,35.0
https://www.etsy.com/fr/listing/4310759753/pack-dautocollants-monstre-anime-kawaii,4310759753,Pack d'autocollants Monstre Anime Kawaii – Lot mystère | Autocollants mignons | Stickers de style japonais | Stickers pour ordinateur portable | Cadeau Otaku du Japon,4.9543,219,6.4,7.11,10.0
https://www.etsy.com/fr/listing/1818177724/50-autocollants-techniques-aleatoires,1818177724,"50 autocollants techniques aléatoires pour programmeurs, autocollants de codage en vinyle amusants, autocollants étanches pour ordinateur portable d'ingénieur, cadeaux sur le thème de l'ordinateur",4.8231,148,5.66,18.86,70.0
https://www.etsy.com/fr/listing/1895819707/random-kitties-cats-memes-pieces-o,1895819707,Random Kitties Cats Memes Pieces | Version anglaise | Autocollants pour enseignants | Plus de 100 modèles | Stickers mèmes personnalisés,4.9138,58,3.99,5.7,30.0
https://www.etsy.com/fr/listing/1678349256/stickers-prenoms-autocollant-prenoms,1678349256,Stickers prénoms - Autocollant prénoms,4.9474,510,0.5,,
https://www.etsy.com/fr/listing/1865680453/ensemble-dautocollants-fleurs-sechees,1865680453,"Ensemble d'autocollants fleurs séchées, Stickers bouquet de fleurs sauvages, Stickers fleurs sauvages, Stickers floraux hippie bohème, Stickers fleurs des prés",4.816,11200,2.74,3.42,20.0
https://www.etsy.com/fr/listing/1856124596/50-stickers-feministe-sororite-equality,1856124596,50 Stickers Feministe sororité equality - Vinyle stickers bundle- Funny stickers pack- autocollants,4.8715,2200,1.9,,
https://www.etsy.com/fr/listing/1306323792/stickers-chat-noir-stickers-agenda,1306323792,"Stickers chat noir, Stickers agenda, Stickers agenda, Fabrication de cartes, Stickers coréens, Stickers petits travaux manuels, Fournitures de scrapbooking, cadeau chat noir",4.816,11200,1.71,2.14,20.0
https://www.etsy.com/fr/listing/1644848556/lot-50-stickers-humour-noir-sarcastique,1644848556,Lot 50 stickers humour noir / sarcastique / drôle  - Vinyle stickers bundle- Funny stickers pack- autocollants,4.8715,2200,3.9,,
https://www.etsy.com/fr/listing/1424100676/super-abordable-2010304050-feuilles,1424100676,"Super abordable, 20/10/30/40/50 feuilles, autocollants de fleurs, décoration d'album photo, lot d'autocollants pour fille, feuille d'autocollants, cadeau pour elle, cadeau d'agenda",4.7454,18900,3.29,3.66,10.0
https://www.etsy.com/fr/listing/4397284046/autocollants-de-travail-sarcastique,4397284046,"Autocollants de travail sarcastique | Stickers Kindle amusants, ordinateur portable, bouteille d'eau",4.9138,58,4.99,7.13,30.0
https://www.etsy.com/fr/listing/1830879378/50-stickers-pour-kindle-girly-downtown,1830879378,"50 stickers pour Kindle Girly Downtown, lot d'autocollants coquette Pinterest, agenda, stickers pour ordinateur portable",4.8319,226,2.05,4.1,50.0
https://www.etsy.com/fr/listing/1784094179/300-autocollants-de-logo-de-marque-cool,1784094179,"300 autocollants de logo de marque cool – Pack d'autocollants imperméables pour adultes | Stickers skate, ordinateur portable, voiture et bagage",3.8846,41,21.51,,
https://www.etsy.com/fr/listing/4384203242/stickers-the-knight-and-the-moth,4384203242,Stickers - The Knight and The Moth,4.9942,1900,3.5,,
https://www.etsy.com/fr/listing/1494560646/1000-pieces-3-etiquette-en-vinyle,1494560646,"1000 pièces 3"" Étiquette en vinyle transparent personnalisée | Étiquettes personnalisées en vrac | Autocollants transparents avec logo | Autocollants transparents pour café | Autocollants pour gobelets",4.9037,640,71.98,,
https://www.etsy.com/fr/listing/1649280194/autocollants-patagonia-pour-ordinateur,1649280194,"Autocollants Patagonia pour ordinateur portable, coque de téléphone ou bouteille d'eau, coffret cadeau d'autocollants nature et plein air 50 pièces, décoration agenda et carnet",5.0,25,16.99,,
https://www.etsy.com/fr/listing/1799669221/50-stickers-aesthetic-pinterest-vibe,1799669221,50 Stickers Aesthetic - Pinterest vibe - citations - Vinyle -  bundle- Flower market- autocollants - Art abstrait - bullet journal,4.8715,2200,1.9,,
https://www.etsy.com/fr/listing/1854467228/50-autocollants-esthetiques-pour-filles,1854467228,"50 autocollants esthétiques pour filles du centre-ville (3), Pack d'autocollants coquette fille Pinterest, Kindle, autocollants pour ordinateur portable",4.844,4000,1.87,3.73,50.0
https://www.etsy.com/fr/listing/1880838109/autocollant-drole-de-tdah-hocus-pocus-i,1880838109,Autocollant drôle de TDAH Hocus Pocus I Cant Focus Vinyle Autocollant pour ordinateur portable Bouteille d'eau Humour neurodivergent Cadeau pour les amis TDAH,4.9597,1100,1.95,,
https://www.etsy.com/fr/listing/1856134485/50-stickers-retro-pour-journal-stickers,1856134485,"50 stickers rétro pour journal, stickers esthétiques de scrapbooking, stickers bohèmes, stickers artistiques, stickers pour projets créatifs et bricolage",4.8662,432,3.1,8.17,62.0
https://www.etsy.com/fr/listing/1014722781/3-feuilles-dautocollants-mats-lot,1014722781,"3 feuilles d'autocollants mats, lot d'autocollants, lot d'autocollants, autocollants mignons, lot d'autocollants, lot d'autocollants pour agenda, autocollants pour carnet",4.9913,4000,9.49,,
https://www.etsy.com/fr/listing/1590851477/stickers-nomautocollant-en,1590851477,"Stickers Nom,Autocollant en Vinyle,Décalcomanie,Étiquette Personnalisée,Sticker pour Gourde,Verre,Gobelet,Marque Place Mariage,Boule Noël",4.8623,2800,0.6,1.2,50.0
https://www.etsy.com/fr/listing/4359118811/etiquettes-autocollantes-personnalisees,4359118811,"Étiquettes autocollantes personnalisées – Stickers ronds 35 40 60 mm – Baptême, Baby Shower",4.8816,6400,0.17,0.18,5.0
https://www.etsy.com/fr/listing/1826617539/stickers-chats-medievaux-12-stickers,1826617539,Stickers chats médiévaux. 12 stickers chats médiévaux,4.8699,5500,5.36,,
https://www.etsy.com/fr/listing/914759714/autocollants-personnalises-autocollants,914759714,Autocollants personnalisés Autocollants logo Autocollants personnalisés Autocollants transparents en feuille d'or,4.8737,38900,2.37,3.95,40.0
https://www.etsy.com/fr/listing/4313585085/lot-de-9-autocollants-militants-coupon,4313585085,"Lot de 9 autocollants militants, coupon, lot, taxi, gauchiste, communiste, mangez les riches, militant, immigré, justice, 1312",4.9509,4400,7.08,11.8,40.0
https://www.etsy.com/fr/listing/4361484374/autocollants-de-tarot-ensemble,4361484374,Autocollants de tarot | Ensemble d'autocollants Rider Waite Arcanes Majeurs | Fournitures de scrapbooking et de journal,4.8794,828,2.99,,
https://www.etsy.com/fr/listing/1686833263/pack-dautocollants-fandom-livresques-o,1686833263,"Pack d'autocollants Fandom livresques | ACOTAR, Trône de verre, Crescent City, Quatrième aile et plus",4.9261,803,2.68,4.47,40.0
https://www.etsy.com/fr/listing/1583549145/lot-de-10-a-100-memes-et-references,1583549145,Lot de 10 à 100 mèmes et références amusantes,4.8796,27900,2.14,,
https://www.etsy.com/fr/listing/1897034573/50-autocollants-de-livres-pour-kindle,1897034573,"50 autocollants de livres pour Kindle, lot d'autocollants sur le thème de la lecture livresque (1), coffret cadeau pour amoureux des livres",4.844,4000,1.87,3.73,50.0
https://www.etsy.com/fr/listing/1863839618/autocollants-melanges-aufkleber-sticker,1863839618,AUTOCOLLANTS MÉLANGÉS Aufkleber Sticker Stickers ordinateur portable Planner Mystery Bundle Surprise Bag Überraschungspaket Sticker Set Motivation sarcastique,4.7836,134,2.92,3.9,25.0
https://www.etsy.com/fr/listing/4302412523/50-stickers-tomate-citron-pack,4302412523,"50 stickers tomate citron, pack d'autocollants pour Bullet Journal méditerranéen, stickers coquettes de fruits pour journal indésirable, fournitures pour Bullet Journal",4.844,4000,1.87,3.73,50.0
https://www.etsy.com/fr/listing/1753832961/10-50-stickers-memes-chat-faisant-face-a,1753832961,10-50 stickers mèmes chat faisant face à des chats mignons,4.8796,27900,2.14,,
https://www.etsy.com/fr/listing/1856645210/livre-dautocollants-retro-japonais-de-45,1856645210,Livre d'autocollants rétro japonais de 45 pages/800 autocollants | kpop polco kawaii mignons autocollants kpop déco polco coréen journalisation scrapbooking papeterie,4.9181,3000,11.52,14.4,20.0
https://www.etsy.com/fr/listing/1835052486/lots-dautocollants-etoile-de-lune,1835052486,Lots d'autocollants étoile de lune sorcière noire / céleste / lilas / autocollants ciel et nuages / autocollants agenda / autocollants sorcière,4.816,11200,2.51,3.14,20.0
https://www.etsy.com/fr/listing/4321534079/meme-katzen-50-lustige-sticker-susse,4321534079,"Meme Katzen 50 Lustige Sticker - Süße & Witzige Katze Aufkleber - Mat ou brillant - Parfait pour ordinateur portable, pratique, Bullet Journal",4.6818,22,1.27,1.5,15.0
https://www.etsy.com/fr/listing/1783596924/50-autocollants-palestine-gratuits-pack,1783596924,"50 autocollants Palestine gratuits | Pack d'autocollants Palestine Support, Sticker fin d'occupation, Sticker Palestine pour ordinateur portable Kindle",4.701,337,2.83,11.32,75.0
https://www.etsy.com/fr/listing/1718267175/ensemble-dautocollants-chat-pour-le,1718267175,"Ensemble d'autocollants chat pour le petit-déjeuner | Autocollant chat mignon, autocollants durables imperméables, autocollant kawaii, autocollant en vinyle, ensemble d'autocollants alimentaires, autocollants alimentaires mignons",4.9731,2800,6.36,,
https://www.etsy.com/fr/listing/1111837323/feuille-dautocollants-cottagecore,1111837323,"Feuille d'autocollants - Cottagecore | autocollants de carnet, calendrier, autocollants d'agenda, autocollants de scrapbooking, autocollants de printemps, art cosy, art cottagecore",4.9876,24400,2.79,,
https://www.etsy.com/fr/listing/4361731678/plus-de-170-stickers-de-voyage-coree,4361731678,"Plus de 170 stickers de voyage : Corée, France, Italie, Japon, Royaume-Uni, États-Unis, Chine",5.0,3,11.29,,
https://www.etsy.com/fr/listing/4303482528/lot-mysterieux-dautocollants-roses-girly,4303482528,"Lot mystérieux d'autocollants roses Girly Romance, 5 ou 10 pièces | Romance rose | Livre | Livres | Lecture | Ensemble d'autocollants | Kindle | Bouteille d'eau",4.984,424,0.7,,
https://www.etsy.com/fr/listing/1671114612/autocollants-personnalises-autocollants,1671114612,"Autocollants personnalisés, Autocollants personnalisés, Autocollants en vinyle personnalisés, Vos photos comme autocollants, Imperméables, Autocollants individuels, Autocollants pour ordinateur portable",4.9454,1000,0.66,1.0,34.0
https://www.etsy.com/fr/listing/4322739291/lot-de-10-20-ou-50-autocollants-pour,4322739291,"Lot de 10, 20 ou 50 autocollants pour passeports voyage du monde pour agendas, journaux, décorations, récompenses, articles de fête, cadeaux et plus encore !",4.8042,6400,3.22,,
https://www.etsy.com/fr/listing/689926774/60-autocollants-et-fragments-de-papier,689926774,"60 autocollants et fragments de papier, série Retro Memories - scrapbooking, papeterie, journal, agenda, articles en papier",4.8845,6200,6.92,7.69,10.0
https://www.etsy.com/fr/listing/1690885026/cest-bien-autocollants-meme-drole-cest,1690885026,"C'est bien, autocollants, mème drôle, c'est bien, autocollant pour ordinateur portable, bouteille d'eau, autocollant One Piece, vinyle, feu, drôle, mental, je vais bien, citation",4.9597,1100,2.5,,
https://www.etsy.com/fr/listing/1819480009/lot-de-5-stickers-holographiques-au,1819480009,"Lot de 5 Stickers Holographiques au choix, Déco pour Ordinateur, Autocollant pour téléphone, Vinyle pailleté, Stickers étanches",5.0,42,5.0,,
https://www.etsy.com/fr/listing/4353630267/35-stickers-japonais-culturels-et,4353630267,"35 stickers japonais, culturels et excentriques pour le scrapbooking et le bricolage",4.9224,713,10.52,,
https://www.etsy.com/fr/listing/4353944314/50-autocollants-gothiques-vintage,4353944314,"50 autocollants gothiques vintage, autocollants tête de mort noir et blanc, autocollants punk rock, autocollants imperméables pour bagages, autocollants graffiti, autocollants rétro",4.9333,30,6.46,12.91,50.0
https://www.etsy.com/fr/listing/1076352589/lot-de-50-autocollants-autocollants,1076352589,Lot de 50 autocollants - Autocollants étiquette face B - Autocollants mignons - Journal intime mignon papeterie - Cadeau pour elle - Cadeau meilleur ami - Autocollants pour ordinateur portable,4.2,80,21.52,,
https://www.etsy.com/fr/listing/1865060952/stickers-impermeables-fantasy-national,1865060952,"Stickers imperméables Fantasy National Park, Stickers aventure en vinyle pour les amateurs de fantastique, les paysages mystiques, les jeux de rôle sur table et les amateurs de nature",4.9477,19800,3.92,4.36,10.0
https://www.etsy.com/fr/listing/1577417289/build-a-bundle-stickers-vinyles-hippie,1577417289,"BUILD A BUNDLE // Stickers vinyles - hippie, trippy, camping",4.9306,8100,16.5,,
https://www.etsy.com/fr/listing/4359113336/etiquettes-rondes-autocollantes,4359113336,Étiquettes rondes autocollantes personnalisées – Mariage – Stickers 35 40 60 mm,4.8816,6400,0.17,0.18,5.0
https://www.etsy.com/fr/listing/1167780871/autocollant-personnalisable-adhesif,1167780871,"Autocollant personnalisable, adhésif personnalisé - mariage, gourdes, anniversaires - lettrage Vinyle, logo, texte, image",4.9444,2100,0.8,,
https://www.etsy.com/fr/listing/1816352235/stickers-prenoms-autocollant-prenoms,1816352235,Stickers prénoms - Autocollant prénoms,4.9474,510,0.5,,
https://www.etsy.com/fr/listing/4344758310/lot-dautocollants-sarcastiques-amusants,4344758310,Lot d'autocollants sarcastiques amusants | Packs d'autocollants amusants | Lot d'autocollants imperméables | Autocollants humoristiques | Autocollants drôles | Stickers Kindle pour ordinateur portable,4.9486,214,5.57,8.58,35.0
https://www.etsy.com/fr/listing/4394688391/lot-de-100-autocollants-individuels,4394688391,"Lot de 100 autocollants individuels – Autocollants décoratifs pour cadeaux, agendas, carnets et scrapbooking – Joli lot d'autocollants",4.9167,116,5.19,,
https://www.etsy.com/fr/listing/1820542134/feuille-dautocollants-tasse-du-jour-pour,1820542134,"Feuille d'autocollants « Tasse du jour » pour bullet journal, scrapbooking, art journal, carterie",4.9776,4900,2.5,,
https://www.etsy.com/fr/listing/1889004571/autocollant-boite-de-sardines-sticker,1889004571,"Autocollant Boîte de Sardines – Sticker Fait Main en Mat, Brillant ou Holographique",4.9917,311,2.0,,
https://www.etsy.com/fr/listing/1821440707/feuille-dautocollants-ecologiques-en,1821440707,Feuille d'autocollants écologiques en forme de canard : autocollants pour agenda kawaii,4.9949,1700,3.5,,
